,hour,dispatch,dual,offer,lmp,capacity
320_PV_1-1,1,0.000000,0.000000,0.000000,0.000000,0.000000
314_PV_1-1,1,0.000000,0.000000,0.000000,0.000000,0.000000
314_PV_2-1,1,0.000000,0.000000,0.000000,0.000000,0.000000
313_PV_1-1,1,0.000000,0.000000,0.000000,0.000000,0.000000
314_PV_3-1,1,0.000000,0.000000,0.000000,0.000000,0.000000
314_PV_4-1,1,0.000000,0.000000,0.000000,0.000000,0.000000
313_PV_2-1,1,0.000000,0.000000,0.000000,0.000000,0.000000
310_PV_1-1,1,0.000000,0.000000,0.000000,0.000000,0.000000
324_PV_1-1,1,0.000000,0.000000,0.000000,0.000000,0.000000
312_PV_1-1,1,0.000000,0.000000,0.000000,0.000000,0.000000
310_PV_2-1,1,0.000000,0.000000,0.000000,0.000000,0.000000
324_PV_2-1,1,0.000000,0.000000,0.000000,0.000000,0.000000
324_PV_3-1,1,0.000000,0.000000,0.000000,0.000000,0.000000
319_PV_1-1,1,0.000000,0.000000,0.000000,0.000000,0.000000
308_RTPV_1-1,1,0.000000,0.000000,0.000000,0.000000,0.000000
313_RTPV_1-1,1,0.000000,0.000000,0.000000,0.000000,0.000000
313_RTPV_2-1,1,0.000000,0.000000,0.000000,0.000000,0.000000
313_RTPV_3-1,1,0.000000,0.000000,0.000000,0.000000,0.000000
313_RTPV_4-1,1,0.000000,0.000000,0.000000,0.000000,0.000000
313_RTPV_5-1,1,0.000000,0.000000,0.000000,0.000000,0.000000
313_RTPV_6-1,1,0.000000,0.000000,0.000000,0.000000,0.000000
313_RTPV_7-1,1,0.000000,0.000000,0.000000,0.000000,0.000000
313_RTPV_8-1,1,0.000000,0.000000,0.000000,0.000000,0.000000
313_RTPV_9-1,1,0.000000,0.000000,0.000000,0.000000,0.000000
313_RTPV_10-1,1,0.000000,0.000000,0.000000,0.000000,0.000000
313_RTPV_11-1,1,0.000000,0.000000,0.000000,0.000000,0.000000
313_RTPV_12-1,1,0.000000,0.000000,0.000000,0.000000,0.000000
320_RTPV_1-1,1,0.000000,0.000000,0.000000,0.000000,0.000000
320_RTPV_2-1,1,0.000000,0.000000,0.000000,0.000000,0.000000
320_RTPV_3-1,1,0.000000,0.000000,0.000000,0.000000,0.000000
313_RTPV_13-1,1,0.000000,0.000000,0.000000,0.000000,0.000000
320_RTPV_4-1,1,0.000000,0.000000,0.000000,0.000000,0.000000
320_RTPV_5-1,1,0.000000,0.000000,0.000000,0.000000,0.000000
320_RTPV_6-1,1,0.000000,0.000000,0.000000,0.000000,0.000000
309_WIND_1-1,1,126.400000,0.000000,0.000000,0.000000,126.400000
317_WIND_1-1,1,465.185075,0.000000,0.000000,0.000000,554.300000
303_WIND_1-1,1,471.063138,0.000000,0.000000,0.000000,824.200000
320_PV_1-2,2,0.000000,0.000000,0.000000,0.000000,0.000000
314_PV_1-2,2,0.000000,0.000000,0.000000,0.000000,0.000000
314_PV_2-2,2,0.000000,0.000000,0.000000,0.000000,0.000000
313_PV_1-2,2,0.000000,0.000000,0.000000,0.000000,0.000000
314_PV_3-2,2,0.000000,0.000000,0.000000,0.000000,0.000000
314_PV_4-2,2,0.000000,0.000000,0.000000,0.000000,0.000000
313_PV_2-2,2,0.000000,0.000000,0.000000,0.000000,0.000000
310_PV_1-2,2,0.000000,0.000000,0.000000,0.000000,0.000000
324_PV_1-2,2,0.000000,0.000000,0.000000,0.000000,0.000000
312_PV_1-2,2,0.000000,0.000000,0.000000,0.000000,0.000000
310_PV_2-2,2,0.000000,0.000000,0.000000,0.000000,0.000000
324_PV_2-2,2,0.000000,0.000000,0.000000,0.000000,0.000000
324_PV_3-2,2,0.000000,0.000000,0.000000,0.000000,0.000000
319_PV_1-2,2,0.000000,0.000000,0.000000,0.000000,0.000000
308_RTPV_1-2,2,0.000000,0.000000,0.000000,0.000000,0.000000
313_RTPV_1-2,2,0.000000,0.000000,0.000000,0.000000,0.000000
313_RTPV_2-2,2,0.000000,0.000000,0.000000,0.000000,0.000000
313_RTPV_3-2,2,0.000000,0.000000,0.000000,0.000000,0.000000
313_RTPV_4-2,2,0.000000,0.000000,0.000000,0.000000,0.000000
313_RTPV_5-2,2,0.000000,0.000000,0.000000,0.000000,0.000000
313_RTPV_6-2,2,0.000000,0.000000,0.000000,0.000000,0.000000
313_RTPV_7-2,2,0.000000,0.000000,0.000000,0.000000,0.000000
313_RTPV_8-2,2,0.000000,0.000000,0.000000,0.000000,0.000000
313_RTPV_9-2,2,0.000000,0.000000,0.000000,0.000000,0.000000
313_RTPV_10-2,2,0.000000,0.000000,0.000000,0.000000,0.000000
313_RTPV_11-2,2,0.000000,0.000000,0.000000,0.000000,0.000000
313_RTPV_12-2,2,0.000000,0.000000,0.000000,0.000000,0.000000
320_RTPV_1-2,2,0.000000,0.000000,0.000000,0.000000,0.000000
320_RTPV_2-2,2,0.000000,0.000000,0.000000,0.000000,0.000000
320_RTPV_3-2,2,0.000000,0.000000,0.000000,0.000000,0.000000
313_RTPV_13-2,2,0.000000,0.000000,0.000000,0.000000,0.000000
320_RTPV_4-2,2,0.000000,0.000000,0.000000,0.000000,0.000000
320_RTPV_5-2,2,0.000000,0.000000,0.000000,0.000000,0.000000
320_RTPV_6-2,2,0.000000,0.000000,0.000000,0.000000,0.000000
309_WIND_1-2,2,145.500000,0.000000,0.000000,0.000000,145.500000
317_WIND_1-2,2,414.046082,0.000000,0.000000,0.000000,419.400000
303_WIND_1-2,2,493.613393,0.000000,0.000000,0.000000,837.200000
320_PV_1-3,3,0.000000,0.000000,0.000000,0.000000,0.000000
314_PV_1-3,3,0.000000,0.000000,0.000000,0.000000,0.000000
314_PV_2-3,3,0.000000,0.000000,0.000000,0.000000,0.000000
313_PV_1-3,3,0.000000,0.000000,0.000000,0.000000,0.000000
314_PV_3-3,3,0.000000,0.000000,0.000000,0.000000,0.000000
314_PV_4-3,3,0.000000,0.000000,0.000000,0.000000,0.000000
313_PV_2-3,3,0.000000,0.000000,0.000000,0.000000,0.000000
310_PV_1-3,3,0.000000,0.000000,0.000000,0.000000,0.000000
324_PV_1-3,3,0.000000,0.000000,0.000000,0.000000,0.000000
312_PV_1-3,3,0.000000,0.000000,0.000000,0.000000,0.000000
310_PV_2-3,3,0.000000,0.000000,0.000000,0.000000,0.000000
324_PV_2-3,3,0.000000,0.000000,0.000000,0.000000,0.000000
324_PV_3-3,3,0.000000,0.000000,0.000000,0.000000,0.000000
319_PV_1-3,3,0.000000,0.000000,0.000000,0.000000,0.000000
308_RTPV_1-3,3,0.000000,0.000000,0.000000,0.000000,0.000000
313_RTPV_1-3,3,0.000000,0.000000,0.000000,0.000000,0.000000
313_RTPV_2-3,3,0.000000,0.000000,0.000000,0.000000,0.000000
313_RTPV_3-3,3,0.000000,0.000000,0.000000,0.000000,0.000000
313_RTPV_4-3,3,0.000000,0.000000,0.000000,0.000000,0.000000
313_RTPV_5-3,3,0.000000,0.000000,0.000000,0.000000,0.000000
313_RTPV_6-3,3,0.000000,0.000000,0.000000,0.000000,0.000000
313_RTPV_7-3,3,0.000000,0.000000,0.000000,0.000000,0.000000
313_RTPV_8-3,3,0.000000,0.000000,0.000000,0.000000,0.000000
313_RTPV_9-3,3,0.000000,0.000000,0.000000,0.000000,0.000000
313_RTPV_10-3,3,0.000000,0.000000,0.000000,0.000000,0.000000
313_RTPV_11-3,3,0.000000,0.000000,0.000000,0.000000,0.000000
313_RTPV_12-3,3,0.000000,0.000000,0.000000,0.000000,0.000000
320_RTPV_1-3,3,0.000000,0.000000,0.000000,0.000000,0.000000
320_RTPV_2-3,3,0.000000,0.000000,0.000000,0.000000,0.000000
320_RTPV_3-3,3,0.000000,0.000000,0.000000,0.000000,0.000000
313_RTPV_13-3,3,0.000000,0.000000,0.000000,0.000000,0.000000
320_RTPV_4-3,3,0.000000,0.000000,0.000000,0.000000,0.000000
320_RTPV_5-3,3,0.000000,0.000000,0.000000,0.000000,0.000000
320_RTPV_6-3,3,0.000000,0.000000,0.000000,0.000000,0.000000
309_WIND_1-3,3,70.397510,0.000000,0.000000,0.000000,142.600000
317_WIND_1-3,3,546.800000,0.000000,0.000000,0.000000,546.800000
303_WIND_1-3,3,439.944217,0.000000,0.000000,0.000000,841.300000
320_PV_1-4,4,0.000000,0.000000,0.000000,0.000000,0.000000
314_PV_1-4,4,0.000000,0.000000,0.000000,0.000000,0.000000
314_PV_2-4,4,0.000000,0.000000,0.000000,0.000000,0.000000
313_PV_1-4,4,0.000000,0.000000,0.000000,0.000000,0.000000
314_PV_3-4,4,0.000000,0.000000,0.000000,0.000000,0.000000
314_PV_4-4,4,0.000000,0.000000,0.000000,0.000000,0.000000
313_PV_2-4,4,0.000000,0.000000,0.000000,0.000000,0.000000
310_PV_1-4,4,0.000000,0.000000,0.000000,0.000000,0.000000
324_PV_1-4,4,0.000000,0.000000,0.000000,0.000000,0.000000
312_PV_1-4,4,0.000000,0.000000,0.000000,0.000000,0.000000
310_PV_2-4,4,0.000000,0.000000,0.000000,0.000000,0.000000
324_PV_2-4,4,0.000000,0.000000,0.000000,0.000000,0.000000
324_PV_3-4,4,0.000000,0.000000,0.000000,0.000000,0.000000
319_PV_1-4,4,0.000000,0.000000,0.000000,0.000000,0.000000
308_RTPV_1-4,4,0.000000,0.000000,0.000000,0.000000,0.000000
313_RTPV_1-4,4,0.000000,0.000000,0.000000,0.000000,0.000000
313_RTPV_2-4,4,0.000000,0.000000,0.000000,0.000000,0.000000
313_RTPV_3-4,4,0.000000,0.000000,0.000000,0.000000,0.000000
313_RTPV_4-4,4,0.000000,0.000000,0.000000,0.000000,0.000000
313_RTPV_5-4,4,0.000000,0.000000,0.000000,0.000000,0.000000
313_RTPV_6-4,4,0.000000,0.000000,0.000000,0.000000,0.000000
313_RTPV_7-4,4,0.000000,0.000000,0.000000,0.000000,0.000000
313_RTPV_8-4,4,0.000000,0.000000,0.000000,0.000000,0.000000
313_RTPV_9-4,4,0.000000,0.000000,0.000000,0.000000,0.000000
313_RTPV_10-4,4,0.000000,0.000000,0.000000,0.000000,0.000000
313_RTPV_11-4,4,0.000000,0.000000,0.000000,0.000000,0.000000
313_RTPV_12-4,4,0.000000,0.000000,0.000000,0.000000,0.000000
320_RTPV_1-4,4,0.000000,0.000000,0.000000,0.000000,0.000000
320_RTPV_2-4,4,0.000000,0.000000,0.000000,0.000000,0.000000
320_RTPV_3-4,4,0.000000,0.000000,0.000000,0.000000,0.000000
313_RTPV_13-4,4,0.000000,0.000000,0.000000,0.000000,0.000000
320_RTPV_4-4,4,0.000000,0.000000,0.000000,0.000000,0.000000
320_RTPV_5-4,4,0.000000,0.000000,0.000000,0.000000,0.000000
320_RTPV_6-4,4,0.000000,0.000000,0.000000,0.000000,0.000000
309_WIND_1-4,4,15.885984,0.000000,0.000000,0.000000,147.600000
317_WIND_1-4,4,647.300000,0.000000,0.000000,0.000000,647.300000
303_WIND_1-4,4,448.914617,0.000000,0.000000,0.000000,835.300000
320_PV_1-5,5,0.000000,0.000000,0.000000,0.000000,0.000000
314_PV_1-5,5,0.000000,0.000000,0.000000,0.000000,0.000000
314_PV_2-5,5,0.000000,0.000000,0.000000,0.000000,0.000000
313_PV_1-5,5,0.000000,0.000000,0.000000,0.000000,0.000000
314_PV_3-5,5,0.000000,0.000000,0.000000,0.000000,0.000000
314_PV_4-5,5,0.000000,0.000000,0.000000,0.000000,0.000000
313_PV_2-5,5,0.000000,0.000000,0.000000,0.000000,0.000000
310_PV_1-5,5,0.000000,0.000000,0.000000,0.000000,0.000000
324_PV_1-5,5,0.000000,0.000000,0.000000,0.000000,0.000000
312_PV_1-5,5,0.000000,0.000000,0.000000,0.000000,0.000000
310_PV_2-5,5,0.000000,0.000000,0.000000,0.000000,0.000000
324_PV_2-5,5,0.000000,0.000000,0.000000,0.000000,0.000000
324_PV_3-5,5,0.000000,0.000000,0.000000,0.000000,0.000000
319_PV_1-5,5,0.000000,0.000000,0.000000,0.000000,0.000000
308_RTPV_1-5,5,0.000000,0.000000,0.000000,0.000000,0.000000
313_RTPV_1-5,5,0.000000,0.000000,0.000000,0.000000,0.000000
313_RTPV_2-5,5,0.000000,0.000000,0.000000,0.000000,0.000000
313_RTPV_3-5,5,0.000000,0.000000,0.000000,0.000000,0.000000
313_RTPV_4-5,5,0.000000,0.000000,0.000000,0.000000,0.000000
313_RTPV_5-5,5,0.000000,0.000000,0.000000,0.000000,0.000000
313_RTPV_6-5,5,0.000000,0.000000,0.000000,0.000000,0.000000
313_RTPV_7-5,5,0.000000,0.000000,0.000000,0.000000,0.000000
313_RTPV_8-5,5,0.000000,0.000000,0.000000,0.000000,0.000000
313_RTPV_9-5,5,0.000000,0.000000,0.000000,0.000000,0.000000
313_RTPV_10-5,5,0.000000,0.000000,0.000000,0.000000,0.000000
313_RTPV_11-5,5,0.000000,0.000000,0.000000,0.000000,0.000000
313_RTPV_12-5,5,0.000000,0.000000,0.000000,0.000000,0.000000
320_RTPV_1-5,5,0.000000,0.000000,0.000000,0.000000,0.000000
320_RTPV_2-5,5,0.000000,0.000000,0.000000,0.000000,0.000000
320_RTPV_3-5,5,0.000000,0.000000,0.000000,0.000000,0.000000
313_RTPV_13-5,5,0.000000,0.000000,0.000000,0.000000,0.000000
320_RTPV_4-5,5,0.000000,0.000000,0.000000,0.000000,0.000000
320_RTPV_5-5,5,0.000000,0.000000,0.000000,0.000000,0.000000
320_RTPV_6-5,5,0.000000,0.000000,0.000000,0.000000,0.000000
309_WIND_1-5,5,147.700000,0.000000,0.000000,0.000000,147.700000
317_WIND_1-5,5,514.516612,0.000000,0.000000,0.000000,721.600000
303_WIND_1-5,5,448.283230,0.000000,0.000000,0.000000,759.200000
320_PV_1-6,6,0.000000,0.000000,0.000000,0.000000,0.000000
314_PV_1-6,6,0.000000,0.000000,0.000000,0.000000,0.000000
314_PV_2-6,6,0.000000,0.000000,0.000000,0.000000,0.000000
313_PV_1-6,6,0.000000,0.000000,0.000000,0.000000,0.000000
314_PV_3-6,6,0.000000,0.000000,0.000000,0.000000,0.000000
314_PV_4-6,6,0.000000,0.000000,0.000000,0.000000,0.000000
313_PV_2-6,6,0.000000,0.000000,0.000000,0.000000,0.000000
310_PV_1-6,6,0.000000,0.000000,0.000000,0.000000,0.000000
324_PV_1-6,6,0.000000,0.000000,0.000000,0.000000,0.000000
312_PV_1-6,6,0.000000,0.000000,0.000000,0.000000,0.000000
310_PV_2-6,6,0.000000,0.000000,0.000000,0.000000,0.000000
324_PV_2-6,6,0.000000,0.000000,0.000000,0.000000,0.000000
324_PV_3-6,6,0.000000,0.000000,0.000000,0.000000,0.000000
319_PV_1-6,6,0.000000,0.000000,0.000000,0.000000,0.000000
308_RTPV_1-6,6,0.000000,0.000000,0.000000,0.000000,0.000000
313_RTPV_1-6,6,0.000000,0.000000,0.000000,0.000000,0.000000
313_RTPV_2-6,6,0.000000,0.000000,0.000000,0.000000,0.000000
313_RTPV_3-6,6,0.000000,0.000000,0.000000,0.000000,0.000000
313_RTPV_4-6,6,0.000000,0.000000,0.000000,0.000000,0.000000
313_RTPV_5-6,6,0.000000,0.000000,0.000000,0.000000,0.000000
313_RTPV_6-6,6,0.000000,0.000000,0.000000,0.000000,0.000000
313_RTPV_7-6,6,0.000000,0.000000,0.000000,0.000000,0.000000
313_RTPV_8-6,6,0.000000,0.000000,0.000000,0.000000,0.000000
313_RTPV_9-6,6,0.000000,0.000000,0.000000,0.000000,0.000000
313_RTPV_10-6,6,0.000000,0.000000,0.000000,0.000000,0.000000
313_RTPV_11-6,6,0.000000,0.000000,0.000000,0.000000,0.000000
313_RTPV_12-6,6,0.000000,0.000000,0.000000,0.000000,0.000000
320_RTPV_1-6,6,0.000000,0.000000,0.000000,0.000000,0.000000
320_RTPV_2-6,6,0.000000,0.000000,0.000000,0.000000,0.000000
320_RTPV_3-6,6,0.000000,0.000000,0.000000,0.000000,0.000000
313_RTPV_13-6,6,0.000000,0.000000,0.000000,0.000000,0.000000
320_RTPV_4-6,6,0.000000,0.000000,0.000000,0.000000,0.000000
320_RTPV_5-6,6,0.000000,0.000000,0.000000,0.000000,0.000000
320_RTPV_6-6,6,0.000000,0.000000,0.000000,0.000000,0.000000
309_WIND_1-6,6,146.800000,0.000000,0.000000,0.000000,146.800000
317_WIND_1-6,6,673.009807,0.000000,0.000000,0.000000,761.500000
303_WIND_1-6,6,457.275609,0.000000,0.000000,0.000000,636.000000
320_PV_1-7,7,-0.000000,0.000000,0.000000,0.000000,25.700000
314_PV_1-7,7,25.400000,0.000000,0.000000,0.000000,25.400000
314_PV_2-7,7,27.500000,0.000000,0.000000,0.000000,27.500000
313_PV_1-7,7,0.000000,0.000000,0.000000,0.000000,31.700000
314_PV_3-7,7,32.600000,0.000000,0.000000,0.000000,32.600000
314_PV_4-7,7,27.400000,0.000000,0.000000,0.000000,27.400000
313_PV_2-7,7,0.000000,0.000000,0.000000,0.000000,31.500000
310_PV_1-7,7,25.600000,0.000000,0.000000,0.000000,25.600000
324_PV_1-7,7,25.900000,0.000000,0.000000,0.000000,25.900000
312_PV_1-7,7,31.400000,0.000000,0.000000,0.000000,31.400000
310_PV_2-7,7,25.900000,0.000000,0.000000,0.000000,25.900000
324_PV_2-7,7,25.800000,0.000000,0.000000,0.000000,25.800000
324_PV_3-7,7,25.800000,0.000000,0.000000,0.000000,25.800000
319_PV_1-7,7,0.000000,0.000000,0.000000,0.000000,105.500000
308_RTPV_1-7,7,13.100000,0.000000,0.000000,0.000000,13.100000
313_RTPV_1-7,7,0.000000,0.000000,0.000000,0.000000,13.200000
313_RTPV_2-7,7,0.000000,0.000000,0.000000,0.000000,8.500000
313_RTPV_3-7,7,0.000000,0.000000,0.000000,0.000000,8.000000
313_RTPV_4-7,7,0.000000,0.000000,0.000000,0.000000,8.300000
313_RTPV_5-7,7,0.000000,0.000000,0.000000,0.000000,8.500000
313_RTPV_6-7,7,0.000000,0.000000,0.000000,0.000000,8.300000
313_RTPV_7-7,7,0.000000,0.000000,0.000000,0.000000,8.100000
313_RTPV_8-7,7,0.000000,0.000000,0.000000,0.000000,8.400000
313_RTPV_9-7,7,0.000000,0.000000,0.000000,0.000000,8.100000
313_RTPV_10-7,7,0.000000,0.000000,0.000000,0.000000,8.100000
313_RTPV_11-7,7,0.000000,0.000000,0.000000,0.000000,7.900000
313_RTPV_12-7,7,0.000000,0.000000,0.000000,0.000000,3.700000
320_RTPV_1-7,7,0.000000,0.000000,0.000000,0.000000,3.700000
320_RTPV_2-7,7,0.000000,0.000000,0.000000,0.000000,3.700000
320_RTPV_3-7,7,0.000000,0.000000,0.000000,0.000000,3.600000
313_RTPV_13-7,7,0.000000,0.000000,0.000000,0.000000,3.400000
320_RTPV_4-7,7,0.000000,0.000000,0.000000,0.000000,3.400000
320_RTPV_5-7,7,0.000000,0.000000,0.000000,0.000000,3.500000
320_RTPV_6-7,7,0.000000,0.000000,0.000000,0.000000,1.400000
309_WIND_1-7,7,140.600000,0.000000,0.000000,0.000000,140.600000
317_WIND_1-7,7,565.824992,0.000000,0.000000,0.000000,769.700000
303_WIND_1-7,7,468.200000,0.000000,0.000000,0.000000,468.200000
320_PV_1-8,8,-0.000000,0.000000,0.000000,0.000000,33.800000
314_PV_1-8,8,0.000000,0.000000,0.000000,0.000000,33.500000
314_PV_2-8,8,0.000000,0.000000,0.000000,0.000000,36.200000
313_PV_1-8,8,0.000000,0.000000,0.000000,0.000000,51.200000
314_PV_3-8,8,0.000000,0.000000,0.000000,0.000000,51.100000
314_PV_4-8,8,0.000000,0.000000,0.000000,0.000000,36.200000
313_PV_2-8,8,0.000000,0.000000,0.000000,0.000000,51.000000
310_PV_1-8,8,33.900000,0.000000,0.000000,0.000000,33.900000
324_PV_1-8,8,34.300000,0.000000,0.000000,0.000000,34.300000
312_PV_1-8,8,50.300000,0.000000,0.000000,0.000000,50.300000
310_PV_2-8,8,0.000000,0.000000,0.000000,0.000000,34.400000
324_PV_2-8,8,0.000000,0.000000,0.000000,0.000000,36.100000
324_PV_3-8,8,10.534018,0.000000,0.000000,0.000000,36.100000
319_PV_1-8,8,0.000000,0.000000,0.000000,0.000000,133.400000
308_RTPV_1-8,8,34.100000,0.000000,0.000000,0.000000,34.100000
313_RTPV_1-8,8,0.000000,0.000000,0.000000,0.000000,34.200000
313_RTPV_2-8,8,0.000000,0.000000,0.000000,0.000000,22.000000
313_RTPV_3-8,8,0.000000,0.000000,0.000000,0.000000,21.500000
313_RTPV_4-8,8,0.000000,0.000000,0.000000,0.000000,21.400000
313_RTPV_5-8,8,0.000000,0.000000,0.000000,0.000000,21.900000
313_RTPV_6-8,8,0.000000,0.000000,0.000000,0.000000,21.400000
313_RTPV_7-8,8,0.000000,0.000000,0.000000,0.000000,21.900000
313_RTPV_8-8,8,0.000000,0.000000,0.000000,0.000000,21.500000
313_RTPV_9-8,8,0.000000,0.000000,0.000000,0.000000,21.900000
313_RTPV_10-8,8,0.000000,0.000000,0.000000,0.000000,22.000000
313_RTPV_11-8,8,0.000000,0.000000,0.000000,0.000000,22.600000
313_RTPV_12-8,8,0.000000,0.000000,0.000000,0.000000,9.300000
320_RTPV_1-8,8,0.000000,0.000000,0.000000,0.000000,9.300000
320_RTPV_2-8,8,0.000000,0.000000,0.000000,0.000000,9.300000
320_RTPV_3-8,8,0.000000,0.000000,0.000000,0.000000,9.700000
313_RTPV_13-8,8,0.000000,0.000000,0.000000,0.000000,9.400000
320_RTPV_4-8,8,0.000000,0.000000,0.000000,0.000000,9.200000
320_RTPV_5-8,8,0.000000,0.000000,0.000000,0.000000,9.700000
320_RTPV_6-8,8,0.000000,0.000000,0.000000,0.000000,3.600000
309_WIND_1-8,8,127.200000,0.000000,0.000000,0.000000,127.200000
317_WIND_1-8,8,751.200000,0.000000,0.000000,0.000000,751.200000
303_WIND_1-8,8,438.608785,0.000000,0.000000,0.000000,516.200000
320_PV_1-9,9,0.000000,0.000000,0.000000,0.000000,36.600000
314_PV_1-9,9,36.400000,0.000000,0.000000,0.000000,36.400000
314_PV_2-9,9,0.000000,0.000000,0.000000,0.000000,39.500000
313_PV_1-9,9,49.437019,0.000000,0.000000,0.000000,65.400000
314_PV_3-9,9,0.000000,0.000000,0.000000,0.000000,63.200000
314_PV_4-9,9,0.000000,0.000000,0.000000,0.000000,39.500000
313_PV_2-9,9,0.000000,0.000000,0.000000,0.000000,65.300000
310_PV_1-9,9,38.100000,0.000000,0.000000,0.000000,38.100000
324_PV_1-9,9,0.000000,0.000000,0.000000,0.000000,37.500000
312_PV_1-9,9,64.000000,0.000000,0.000000,0.000000,64.000000
310_PV_2-9,9,38.700000,0.000000,0.000000,0.000000,38.700000
324_PV_2-9,9,0.000000,0.000000,0.000000,0.000000,39.700000
324_PV_3-9,9,0.000000,0.000000,0.000000,0.000000,39.700000
319_PV_1-9,9,0.000000,0.000000,0.000000,0.000000,137.100000
308_RTPV_1-9,9,54.300000,0.000000,0.000000,0.000000,54.300000
313_RTPV_1-9,9,0.000000,0.000000,0.000000,0.000000,54.400000
313_RTPV_2-9,9,0.000000,0.000000,0.000000,0.000000,36.200000
313_RTPV_3-9,9,0.000000,0.000000,0.000000,0.000000,34.700000
313_RTPV_4-9,9,0.000000,0.000000,0.000000,0.000000,35.300000
313_RTPV_5-9,9,0.000000,0.000000,0.000000,0.000000,36.300000
313_RTPV_6-9,9,0.000000,0.000000,0.000000,0.000000,34.600000
313_RTPV_7-9,9,0.000000,0.000000,0.000000,0.000000,34.200000
313_RTPV_8-9,9,35.000000,0.000000,0.000000,0.000000,35.000000
313_RTPV_9-9,9,34.200000,0.000000,0.000000,0.000000,34.200000
313_RTPV_10-9,9,0.000000,0.000000,0.000000,0.000000,34.800000
313_RTPV_11-9,9,0.000000,0.000000,0.000000,0.000000,36.000000
313_RTPV_12-9,9,0.000000,0.000000,0.000000,0.000000,14.400000
320_RTPV_1-9,9,0.000000,0.000000,0.000000,0.000000,14.400000
320_RTPV_2-9,9,0.000000,0.000000,0.000000,0.000000,14.400000
320_RTPV_3-9,9,0.000000,0.000000,0.000000,0.000000,14.800000
313_RTPV_13-9,9,0.000000,0.000000,0.000000,0.000000,14.600000
320_RTPV_4-9,9,0.000000,0.000000,0.000000,0.000000,14.500000
320_RTPV_5-9,9,0.000000,0.000000,0.000000,0.000000,15.000000
320_RTPV_6-9,9,0.000000,0.000000,0.000000,0.000000,5.500000
309_WIND_1-9,9,109.300000,0.000000,0.000000,0.000000,109.300000
317_WIND_1-9,9,681.200000,0.000000,0.000000,0.000000,681.200000
303_WIND_1-9,9,508.413914,0.000000,0.000000,0.000000,608.800000
320_PV_1-10,10,-0.000000,0.000000,0.000000,0.000000,37.400000
314_PV_1-10,10,37.100000,0.000000,0.000000,0.000000,37.100000
314_PV_2-10,10,40.500000,0.000000,0.000000,0.000000,40.500000
313_PV_1-10,10,0.000000,0.000000,0.000000,0.000000,73.600000
314_PV_3-10,10,70.700000,0.000000,0.000000,0.000000,70.700000
314_PV_4-10,10,40.500000,0.000000,0.000000,0.000000,40.500000
313_PV_2-10,10,0.000000,0.000000,0.000000,0.000000,73.400000
310_PV_1-10,10,39.300000,0.000000,0.000000,0.000000,39.300000
324_PV_1-10,10,38.400000,0.000000,0.000000,0.000000,38.400000
312_PV_1-10,10,71.900000,0.000000,0.000000,0.000000,71.900000
310_PV_2-10,10,40.000000,0.000000,0.000000,0.000000,40.000000
324_PV_2-10,10,40.300000,0.000000,0.000000,0.000000,40.300000
324_PV_3-10,10,40.300000,0.000000,0.000000,0.000000,40.300000
319_PV_1-10,10,0.000000,0.000000,0.000000,0.000000,140.800000
308_RTPV_1-10,10,68.100000,0.000000,0.000000,0.000000,68.100000
313_RTPV_1-10,10,0.000000,0.000000,0.000000,0.000000,68.200000
313_RTPV_2-10,10,0.000000,0.000000,0.000000,0.000000,45.100000
313_RTPV_3-10,10,0.000000,0.000000,0.000000,0.000000,45.600000
313_RTPV_4-10,10,22.710644,0.000000,0.000000,0.000000,44.700000
313_RTPV_5-10,10,0.000000,0.000000,0.000000,0.000000,45.300000
313_RTPV_6-10,10,0.000000,0.000000,0.000000,0.000000,43.800000
313_RTPV_7-10,10,43.200000,0.000000,0.000000,0.000000,43.200000
313_RTPV_8-10,10,0.000000,0.000000,0.000000,0.000000,44.300000
313_RTPV_9-10,10,0.000000,0.000000,0.000000,0.000000,43.200000
313_RTPV_10-10,10,0.000000,0.000000,0.000000,0.000000,45.200000
313_RTPV_11-10,10,0.000000,0.000000,0.000000,0.000000,46.800000
313_RTPV_12-10,10,0.000000,0.000000,0.000000,0.000000,18.400000
320_RTPV_1-10,10,0.000000,0.000000,0.000000,0.000000,18.400000
320_RTPV_2-10,10,0.000000,0.000000,0.000000,0.000000,18.400000
320_RTPV_3-10,10,0.000000,0.000000,0.000000,0.000000,18.700000
313_RTPV_13-10,10,0.000000,0.000000,0.000000,0.000000,18.600000
320_RTPV_4-10,10,0.000000,0.000000,0.000000,0.000000,18.800000
320_RTPV_5-10,10,0.000000,0.000000,0.000000,0.000000,19.100000
320_RTPV_6-10,10,0.000000,0.000000,0.000000,0.000000,6.800000
309_WIND_1-10,10,79.400000,0.000000,0.000000,0.000000,79.400000
317_WIND_1-10,10,620.000000,0.000000,0.000000,0.000000,620.000000
303_WIND_1-10,10,450.408084,0.000000,0.000000,0.000000,531.100000
320_PV_1-11,11,38.600000,0.000000,0.000000,0.000000,38.600000
314_PV_1-11,11,0.000000,0.000000,0.000000,0.000000,38.300000
314_PV_2-11,11,0.000000,0.000000,0.000000,0.000000,40.800000
313_PV_1-11,11,77.200000,0.000000,0.000000,0.000000,77.200000
314_PV_3-11,11,0.000000,0.000000,0.000000,0.000000,73.400000
314_PV_4-11,11,0.000000,0.000000,0.000000,0.000000,40.900000
313_PV_2-11,11,0.000000,0.000000,0.000000,0.000000,77.000000
310_PV_1-11,11,39.000000,0.000000,0.000000,0.000000,39.000000
324_PV_1-11,11,38.700000,0.000000,0.000000,0.000000,38.700000
312_PV_1-11,11,75.300000,0.000000,0.000000,0.000000,75.300000
310_PV_2-11,11,39.700000,0.000000,0.000000,0.000000,39.700000
324_PV_2-11,11,40.200000,0.000000,0.000000,0.000000,40.200000
324_PV_3-11,11,40.200000,0.000000,0.000000,0.000000,40.200000
319_PV_1-11,11,96.592154,0.000000,0.000000,0.000000,138.800000
308_RTPV_1-11,11,79.900000,0.000000,0.000000,0.000000,79.900000
313_RTPV_1-11,11,80.000000,0.000000,0.000000,0.000000,80.000000
313_RTPV_2-11,11,0.000000,0.000000,0.000000,0.000000,51.800000
313_RTPV_3-11,11,51.300000,0.000000,0.000000,0.000000,51.300000
313_RTPV_4-11,11,0.000000,0.000000,0.000000,0.000000,50.700000
313_RTPV_5-11,11,0.000000,0.000000,0.000000,0.000000,52.100000
313_RTPV_6-11,11,0.000000,0.000000,0.000000,0.000000,49.900000
313_RTPV_7-11,11,0.000000,0.000000,0.000000,0.000000,49.600000
313_RTPV_8-11,11,0.000000,0.000000,0.000000,0.000000,50.600000
313_RTPV_9-11,11,0.000000,0.000000,0.000000,0.000000,49.600000
313_RTPV_10-11,11,0.000000,0.000000,0.000000,0.000000,50.800000
313_RTPV_11-11,11,0.000000,0.000000,0.000000,0.000000,52.400000
313_RTPV_12-11,11,0.000000,0.000000,0.000000,0.000000,21.500000
320_RTPV_1-11,11,0.000000,0.000000,0.000000,0.000000,21.500000
320_RTPV_2-11,11,0.000000,0.000000,0.000000,0.000000,21.500000
320_RTPV_3-11,11,0.000000,0.000000,0.000000,0.000000,21.800000
313_RTPV_13-11,11,0.000000,0.000000,0.000000,0.000000,20.800000
320_RTPV_4-11,11,0.000000,0.000000,0.000000,0.000000,21.100000
320_RTPV_5-11,11,0.000000,0.000000,0.000000,0.000000,21.300000
320_RTPV_6-11,11,0.000000,0.000000,0.000000,0.000000,7.700000
309_WIND_1-11,11,46.900000,0.000000,0.000000,0.000000,46.900000
317_WIND_1-11,11,643.300000,0.000000,0.000000,0.000000,643.300000
303_WIND_1-11,11,324.100000,0.000000,0.000000,0.000000,324.100000
320_PV_1-12,12,0.000000,0.000000,0.000000,0.000000,38.400000
314_PV_1-12,12,38.100000,0.000000,0.000000,0.000000,38.100000
314_PV_2-12,12,41.100000,0.000000,0.000000,0.000000,41.100000
313_PV_1-12,12,78.300000,0.000000,0.000000,0.000000,78.300000
314_PV_3-12,12,74.100000,0.000000,0.000000,0.000000,74.100000
314_PV_4-12,12,41.100000,0.000000,0.000000,0.000000,41.100000
313_PV_2-12,12,78.200000,0.000000,0.000000,0.000000,78.200000
310_PV_1-12,12,38.700000,0.000000,0.000000,0.000000,38.700000
324_PV_1-12,12,38.900000,0.000000,0.000000,0.000000,38.900000
312_PV_1-12,12,76.500000,0.000000,0.000000,0.000000,76.500000
310_PV_2-12,12,39.400000,0.000000,0.000000,0.000000,39.400000
324_PV_2-12,12,40.300000,0.000000,0.000000,0.000000,40.300000
324_PV_3-12,12,40.300000,0.000000,0.000000,0.000000,40.300000
319_PV_1-12,12,3.658304,0.000000,0.000000,0.000000,146.000000
308_RTPV_1-12,12,84.900000,0.000000,0.000000,0.000000,84.900000
313_RTPV_1-12,12,84.900000,0.000000,0.000000,0.000000,84.900000
313_RTPV_2-12,12,54.200000,0.000000,0.000000,0.000000,54.200000
313_RTPV_3-12,12,0.000000,0.000000,0.000000,0.000000,53.500000
313_RTPV_4-12,12,52.400000,0.000000,0.000000,0.000000,52.400000
313_RTPV_5-12,12,54.500000,0.000000,0.000000,0.000000,54.500000
313_RTPV_6-12,12,0.000000,0.000000,0.000000,0.000000,51.900000
313_RTPV_7-12,12,0.000000,0.000000,0.000000,0.000000,52.700000
313_RTPV_8-12,12,0.000000,0.000000,0.000000,0.000000,52.600000
313_RTPV_9-12,12,52.700000,0.000000,0.000000,0.000000,52.700000
313_RTPV_10-12,12,52.900000,0.000000,0.000000,0.000000,52.900000
313_RTPV_11-12,12,54.700000,0.000000,0.000000,0.000000,54.700000
313_RTPV_12-12,12,22.400000,0.000000,0.000000,0.000000,22.400000
320_RTPV_1-12,12,0.000000,0.000000,0.000000,0.000000,22.400000
320_RTPV_2-12,12,0.000000,0.000000,0.000000,0.000000,22.400000
320_RTPV_3-12,12,0.000000,0.000000,0.000000,0.000000,22.700000
313_RTPV_13-12,12,21.900000,0.000000,0.000000,0.000000,21.900000
320_RTPV_4-12,12,0.000000,0.000000,0.000000,0.000000,21.900000
320_RTPV_5-12,12,0.000000,0.000000,0.000000,0.000000,22.500000
320_RTPV_6-12,12,0.000000,0.000000,0.000000,0.000000,7.900000
309_WIND_1-12,12,8.100000,0.000000,0.000000,0.000000,8.100000
317_WIND_1-12,12,564.600000,0.000000,0.000000,0.000000,564.600000
303_WIND_1-12,12,111.900000,0.000000,0.000000,0.000000,111.900000
320_PV_1-13,13,38.200000,0.000000,0.000000,0.000000,38.200000
314_PV_1-13,13,-0.000000,0.000000,0.000000,0.000000,38.000000
314_PV_2-13,13,0.000000,0.000000,0.000000,0.000000,40.800000
313_PV_1-13,13,77.700000,0.000000,0.000000,0.000000,77.700000
314_PV_3-13,13,0.000000,0.000000,0.000000,0.000000,73.500000
314_PV_4-13,13,0.000000,0.000000,0.000000,0.000000,40.800000
313_PV_2-13,13,77.600000,0.000000,0.000000,0.000000,77.600000
310_PV_1-13,13,38.800000,0.000000,0.000000,0.000000,38.800000
324_PV_1-13,13,38.600000,0.000000,0.000000,0.000000,38.600000
312_PV_1-13,13,76.000000,0.000000,0.000000,0.000000,76.000000
310_PV_2-13,13,39.400000,0.000000,0.000000,0.000000,39.400000
324_PV_2-13,13,39.700000,0.000000,0.000000,0.000000,39.700000
324_PV_3-13,13,39.700000,0.000000,0.000000,0.000000,39.700000
319_PV_1-13,13,147.300000,0.000000,0.000000,0.000000,147.300000
308_RTPV_1-13,13,82.300000,0.000000,0.000000,0.000000,82.300000
313_RTPV_1-13,13,0.000000,0.000000,0.000000,0.000000,82.300000
313_RTPV_2-13,13,52.900000,0.000000,0.000000,0.000000,52.900000
313_RTPV_3-13,13,52.400000,0.000000,0.000000,0.000000,52.400000
313_RTPV_4-13,13,50.900000,0.000000,0.000000,0.000000,50.900000
313_RTPV_5-13,13,0.000000,0.000000,0.000000,0.000000,53.300000
313_RTPV_6-13,13,50.900000,0.000000,0.000000,0.000000,50.900000
313_RTPV_7-13,13,47.032942,0.000000,0.000000,0.000000,52.000000
313_RTPV_8-13,13,51.600000,0.000000,0.000000,0.000000,51.600000
313_RTPV_9-13,13,52.000000,0.000000,0.000000,0.000000,52.000000
313_RTPV_10-13,13,0.000000,0.000000,0.000000,0.000000,52.000000
313_RTPV_11-13,13,54.300000,0.000000,0.000000,0.000000,54.300000
313_RTPV_12-13,13,0.000000,0.000000,0.000000,0.000000,21.700000
320_RTPV_1-13,13,0.000000,0.000000,0.000000,0.000000,21.700000
320_RTPV_2-13,13,0.000000,0.000000,0.000000,0.000000,21.700000
320_RTPV_3-13,13,22.200000,0.000000,0.000000,0.000000,22.200000
313_RTPV_13-13,13,21.800000,0.000000,0.000000,0.000000,21.800000
320_RTPV_4-13,13,21.600000,0.000000,0.000000,0.000000,21.600000
320_RTPV_5-13,13,0.000000,0.000000,0.000000,0.000000,22.400000
320_RTPV_6-13,13,7.600000,0.000000,0.000000,0.000000,7.600000
309_WIND_1-13,13,39.000000,0.000000,0.000000,0.000000,39.000000
317_WIND_1-13,13,389.800000,0.000000,0.000000,0.000000,389.800000
303_WIND_1-13,13,193.500000,0.000000,0.000000,0.000000,193.500000
320_PV_1-14,14,37.500000,0.000000,0.000000,0.000000,37.500000
314_PV_1-14,14,37.300000,0.000000,0.000000,0.000000,37.300000
314_PV_2-14,14,40.000000,0.000000,0.000000,0.000000,40.000000
313_PV_1-14,14,0.000000,0.000000,0.000000,0.000000,73.800000
314_PV_3-14,14,69.300000,0.000000,0.000000,0.000000,69.300000
314_PV_4-14,14,40.000000,0.000000,0.000000,0.000000,40.000000
313_PV_2-14,14,0.000000,0.000000,0.000000,0.000000,73.800000
310_PV_1-14,14,38.400000,0.000000,0.000000,0.000000,38.400000
324_PV_1-14,14,37.900000,0.000000,0.000000,0.000000,37.900000
312_PV_1-14,14,72.500000,0.000000,0.000000,0.000000,72.500000
310_PV_2-14,14,39.100000,0.000000,0.000000,0.000000,39.100000
324_PV_2-14,14,39.300000,0.000000,0.000000,0.000000,39.300000
324_PV_3-14,14,39.300000,0.000000,0.000000,0.000000,39.300000
319_PV_1-14,14,147.700000,0.000000,0.000000,0.000000,147.700000
308_RTPV_1-14,14,73.400000,0.000000,0.000000,0.000000,73.400000
313_RTPV_1-14,14,73.300000,0.000000,0.000000,0.000000,73.300000
313_RTPV_2-14,14,13.829295,0.000000,0.000000,0.000000,47.000000
313_RTPV_3-14,14,47.500000,0.000000,0.000000,0.000000,47.500000
313_RTPV_4-14,14,0.000000,0.000000,0.000000,0.000000,46.400000
313_RTPV_5-14,14,47.300000,0.000000,0.000000,0.000000,47.300000
313_RTPV_6-14,14,45.500000,0.000000,0.000000,0.000000,45.500000
313_RTPV_7-14,14,0.000000,0.000000,0.000000,0.000000,47.000000
313_RTPV_8-14,14,46.000000,0.000000,0.000000,0.000000,46.000000
313_RTPV_9-14,14,47.000000,0.000000,0.000000,0.000000,47.000000
313_RTPV_10-14,14,0.000000,0.000000,0.000000,0.000000,46.700000
313_RTPV_11-14,14,48.800000,0.000000,0.000000,0.000000,48.800000
313_RTPV_12-14,14,0.000000,0.000000,0.000000,0.000000,19.500000
320_RTPV_1-14,14,19.500000,0.000000,0.000000,0.000000,19.500000
320_RTPV_2-14,14,19.600000,0.000000,0.000000,0.000000,19.600000
320_RTPV_3-14,14,20.100000,0.000000,0.000000,0.000000,20.100000
313_RTPV_13-14,14,19.700000,0.000000,0.000000,0.000000,19.700000
320_RTPV_4-14,14,19.400000,0.000000,0.000000,0.000000,19.400000
320_RTPV_5-14,14,20.100000,0.000000,0.000000,0.000000,20.100000
320_RTPV_6-14,14,0.000000,0.000000,0.000000,0.000000,7.000000
309_WIND_1-14,14,64.000000,0.000000,0.000000,0.000000,64.000000
317_WIND_1-14,14,326.200000,0.000000,0.000000,0.000000,326.200000
303_WIND_1-14,14,214.900000,0.000000,0.000000,0.000000,214.900000
320_PV_1-15,15,35.800000,0.000000,0.000000,0.000000,35.800000
314_PV_1-15,15,35.600000,0.000000,0.000000,0.000000,35.600000
314_PV_2-15,15,38.500000,0.000000,0.000000,0.000000,38.500000
313_PV_1-15,15,66.300000,0.000000,0.000000,0.000000,66.300000
314_PV_3-15,15,62.100000,0.000000,0.000000,0.000000,62.100000
314_PV_4-15,15,38.500000,0.000000,0.000000,0.000000,38.500000
313_PV_2-15,15,0.000000,0.000000,0.000000,0.000000,66.300000
310_PV_1-15,15,37.300000,0.000000,0.000000,0.000000,37.300000
324_PV_1-15,15,36.500000,0.000000,0.000000,0.000000,36.500000
312_PV_1-15,15,65.500000,0.000000,0.000000,0.000000,65.500000
310_PV_2-15,15,37.900000,0.000000,0.000000,0.000000,37.900000
324_PV_2-15,15,38.300000,0.000000,0.000000,0.000000,38.300000
324_PV_3-15,15,38.300000,0.000000,0.000000,0.000000,38.300000
319_PV_1-15,15,139.800000,0.000000,0.000000,0.000000,139.800000
308_RTPV_1-15,15,60.700000,0.000000,0.000000,0.000000,60.700000
313_RTPV_1-15,15,60.700000,0.000000,0.000000,0.000000,60.700000
313_RTPV_2-15,15,0.000000,0.000000,0.000000,0.000000,37.900000
313_RTPV_3-15,15,37.900000,0.000000,0.000000,0.000000,37.900000
313_RTPV_4-15,15,0.000000,0.000000,0.000000,0.000000,37.300000
313_RTPV_5-15,15,0.000000,0.000000,0.000000,0.000000,38.200000
313_RTPV_6-15,15,0.000000,0.000000,0.000000,0.000000,36.600000
313_RTPV_7-15,15,37.600000,0.000000,0.000000,0.000000,37.600000
313_RTPV_8-15,15,36.900000,0.000000,0.000000,0.000000,36.900000
313_RTPV_9-15,15,20.921227,0.000000,0.000000,0.000000,37.600000
313_RTPV_10-15,15,0.000000,0.000000,0.000000,0.000000,37.700000
313_RTPV_11-15,15,39.700000,0.000000,0.000000,0.000000,39.700000
313_RTPV_12-15,15,15.500000,0.000000,0.000000,0.000000,15.500000
320_RTPV_1-15,15,0.000000,0.000000,0.000000,0.000000,15.500000
320_RTPV_2-15,15,15.500000,0.000000,0.000000,0.000000,15.500000
320_RTPV_3-15,15,0.000000,0.000000,0.000000,0.000000,16.100000
313_RTPV_13-15,15,0.000000,0.000000,0.000000,0.000000,16.100000
320_RTPV_4-15,15,0.000000,0.000000,0.000000,0.000000,15.700000
320_RTPV_5-15,15,0.000000,0.000000,0.000000,0.000000,16.500000
320_RTPV_6-15,15,0.000000,0.000000,0.000000,0.000000,5.700000
309_WIND_1-15,15,41.300000,0.000000,0.000000,0.000000,41.300000
317_WIND_1-15,15,539.400000,0.000000,0.000000,0.000000,539.400000
303_WIND_1-15,15,242.500000,0.000000,0.000000,0.000000,242.500000
320_PV_1-16,16,33.000000,0.000000,0.000000,0.000000,33.000000
314_PV_1-16,16,33.000000,0.000000,0.000000,0.000000,33.000000
314_PV_2-16,16,34.500000,0.000000,0.000000,0.000000,34.500000
313_PV_1-16,16,52.800000,0.000000,0.000000,0.000000,52.800000
314_PV_3-16,16,50.500000,0.000000,0.000000,0.000000,50.500000
314_PV_4-16,16,34.500000,0.000000,0.000000,0.000000,34.500000
313_PV_2-16,16,29.289750,0.000000,0.000000,0.000000,52.900000
310_PV_1-16,16,33.600000,0.000000,0.000000,0.000000,33.600000
324_PV_1-16,16,32.600000,0.000000,0.000000,0.000000,32.600000
312_PV_1-16,16,52.900000,0.000000,0.000000,0.000000,52.900000
310_PV_2-16,16,34.200000,0.000000,0.000000,0.000000,34.200000
324_PV_2-16,16,33.700000,0.000000,0.000000,0.000000,33.700000
324_PV_3-16,16,33.700000,0.000000,0.000000,0.000000,33.700000
319_PV_1-16,16,123.300000,0.000000,0.000000,0.000000,123.300000
308_RTPV_1-16,16,36.600000,0.000000,0.000000,0.000000,36.600000
313_RTPV_1-16,16,36.600000,0.000000,0.000000,0.000000,36.600000
313_RTPV_2-16,16,0.000000,0.000000,0.000000,0.000000,23.900000
313_RTPV_3-16,16,0.000000,0.000000,0.000000,0.000000,22.800000
313_RTPV_4-16,16,22.600000,0.000000,0.000000,0.000000,22.600000
313_RTPV_5-16,16,24.100000,0.000000,0.000000,0.000000,24.100000
313_RTPV_6-16,16,23.200000,0.000000,0.000000,0.000000,23.200000
313_RTPV_7-16,16,24.500000,0.000000,0.000000,0.000000,24.500000
313_RTPV_8-16,16,22.400000,0.000000,0.000000,0.000000,22.400000
313_RTPV_9-16,16,24.400000,0.000000,0.000000,0.000000,24.400000
313_RTPV_10-16,16,24.400000,0.000000,0.000000,0.000000,24.400000
313_RTPV_11-16,16,26.100000,0.000000,0.000000,0.000000,26.100000
313_RTPV_12-16,16,9.800000,0.000000,0.000000,0.000000,9.800000
320_RTPV_1-16,16,0.000000,0.000000,0.000000,0.000000,9.800000
320_RTPV_2-16,16,0.000000,0.000000,0.000000,0.000000,9.800000
320_RTPV_3-16,16,0.000000,0.000000,0.000000,0.000000,10.600000
313_RTPV_13-16,16,10.600000,0.000000,0.000000,0.000000,10.600000
320_RTPV_4-16,16,0.000000,0.000000,0.000000,0.000000,10.200000
320_RTPV_5-16,16,0.000000,0.000000,0.000000,0.000000,10.800000
320_RTPV_6-16,16,0.000000,0.000000,0.000000,0.000000,3.600000
309_WIND_1-16,16,19.600000,0.000000,0.000000,0.000000,19.600000
317_WIND_1-16,16,491.700000,0.000000,0.000000,0.000000,491.700000
303_WIND_1-16,16,337.000000,0.000000,0.000000,0.000000,337.000000
320_PV_1-17,17,20.000000,24.656553,0.000000,24.656553,20.000000
314_PV_1-17,17,20.500000,25.113148,0.000000,25.113148,20.500000
314_PV_2-17,17,20.600000,25.113148,0.000000,25.113148,20.600000
313_PV_1-17,17,29.300000,26.214537,0.000000,26.214537,29.300000
314_PV_3-17,17,27.300000,25.113148,0.000000,25.113148,27.300000
314_PV_4-17,17,20.700000,25.113148,0.000000,25.113148,20.700000
313_PV_2-17,17,29.700000,26.214537,0.000000,26.214537,29.700000
310_PV_1-17,17,21.300000,26.084771,0.000000,26.084771,21.300000
324_PV_1-17,17,19.200000,19.221062,0.000000,19.221062,19.200000
312_PV_1-17,17,28.800000,26.698055,0.000000,26.698055,28.800000
310_PV_2-17,17,21.800000,26.084771,0.000000,26.084771,21.800000
324_PV_2-17,17,20.100000,19.221062,0.000000,19.221062,20.100000
324_PV_3-17,17,20.100000,19.221062,0.000000,19.221062,20.100000
319_PV_1-17,17,73.000000,24.028177,0.000000,24.028177,73.000000
308_RTPV_1-17,17,11.500000,27.894691,0.000000,27.894691,11.500000
313_RTPV_1-17,17,11.400000,26.214537,0.000000,26.214537,11.400000
313_RTPV_2-17,17,7.100000,26.214537,0.000000,26.214537,7.100000
313_RTPV_3-17,17,7.100000,26.214537,0.000000,26.214537,7.100000
313_RTPV_4-17,17,7.100000,26.214537,0.000000,26.214537,7.100000
313_RTPV_5-17,17,7.200000,26.214537,0.000000,26.214537,7.200000
313_RTPV_6-17,17,6.800000,26.214537,0.000000,26.214537,6.800000
313_RTPV_7-17,17,7.500000,26.214537,0.000000,26.214537,7.500000
313_RTPV_8-17,17,6.100000,26.214537,0.000000,26.214537,6.100000
313_RTPV_9-17,17,7.500000,26.214537,0.000000,26.214537,7.500000
313_RTPV_10-17,17,7.500000,26.214537,0.000000,26.214537,7.500000
313_RTPV_11-17,17,8.100000,26.214537,0.000000,26.214537,8.100000
313_RTPV_12-17,17,2.300000,26.214537,0.000000,26.214537,2.300000
320_RTPV_1-17,17,2.200000,24.656553,0.000000,24.656553,2.200000
320_RTPV_2-17,17,2.200000,24.656553,0.000000,24.656553,2.200000
320_RTPV_3-17,17,3.500000,24.656553,0.000000,24.656553,3.500000
313_RTPV_13-17,17,3.700000,26.214537,0.000000,26.214537,3.700000
320_RTPV_4-17,17,3.200000,24.656553,0.000000,24.656553,3.200000
320_RTPV_5-17,17,3.600000,24.656553,0.000000,24.656553,3.600000
320_RTPV_6-17,17,1.200000,24.656553,0.000000,24.656553,1.200000
309_WIND_1-17,17,18.700000,29.704610,0.000000,29.704610,18.700000
317_WIND_1-17,17,207.700000,23.003647,0.000000,23.003647,207.700000
303_WIND_1-17,17,449.716659,13.930153,0.000000,13.930153,453.100000
320_PV_1-18,18,0.000000,25.604235,0.000000,25.604235,0.000000
314_PV_1-18,18,0.000000,26.694140,0.000000,26.694140,0.000000
314_PV_2-18,18,0.000000,26.694140,0.000000,26.694140,0.000000
313_PV_1-18,18,0.000000,29.323188,0.000000,29.323188,0.000000
314_PV_3-18,18,0.000000,26.694140,0.000000,26.694140,0.000000
314_PV_4-18,18,0.000000,26.694140,0.000000,26.694140,0.000000
313_PV_2-18,18,0.000000,29.323188,0.000000,29.323188,0.000000
310_PV_1-18,18,0.000000,29.013435,0.000000,29.013435,0.000000
324_PV_1-18,18,0.000000,12.629557,0.000000,12.629557,0.000000
312_PV_1-18,18,0.000000,30.477360,0.000000,30.477360,0.000000
310_PV_2-18,18,0.000000,29.013435,0.000000,29.013435,0.000000
324_PV_2-18,18,0.000000,12.629557,0.000000,12.629557,0.000000
324_PV_3-18,18,0.000000,12.629557,0.000000,12.629557,0.000000
319_PV_1-18,18,0.000000,24.104282,0.000000,24.104282,0.000000
308_RTPV_1-18,18,0.000000,33.333766,0.000000,33.333766,0.000000
313_RTPV_1-18,18,0.000000,29.323188,0.000000,29.323188,0.000000
313_RTPV_2-18,18,0.000000,29.323188,0.000000,29.323188,0.000000
313_RTPV_3-18,18,0.000000,29.323188,0.000000,29.323188,0.000000
313_RTPV_4-18,18,0.000000,29.323188,0.000000,29.323188,0.000000
313_RTPV_5-18,18,0.000000,29.323188,0.000000,29.323188,0.000000
313_RTPV_6-18,18,0.000000,29.323188,0.000000,29.323188,0.000000
313_RTPV_7-18,18,0.000000,29.323188,0.000000,29.323188,0.000000
313_RTPV_8-18,18,0.000000,29.323188,0.000000,29.323188,0.000000
313_RTPV_9-18,18,0.000000,29.323188,0.000000,29.323188,0.000000
313_RTPV_10-18,18,0.000000,29.323188,0.000000,29.323188,0.000000
313_RTPV_11-18,18,0.000000,29.323188,0.000000,29.323188,0.000000
313_RTPV_12-18,18,0.000000,29.323188,0.000000,29.323188,0.000000
320_RTPV_1-18,18,0.000000,25.604235,0.000000,25.604235,0.000000
320_RTPV_2-18,18,0.000000,25.604235,0.000000,25.604235,0.000000
320_RTPV_3-18,18,0.000000,25.604235,0.000000,25.604235,0.000000
313_RTPV_13-18,18,0.000000,29.323188,0.000000,29.323188,0.000000
320_RTPV_4-18,18,0.000000,25.604235,0.000000,25.604235,0.000000
320_RTPV_5-18,18,0.000000,25.604235,0.000000,25.604235,0.000000
320_RTPV_6-18,18,0.000000,25.604235,0.000000,25.604235,0.000000
309_WIND_1-18,18,26.100000,37.654096,0.000000,37.654096,26.100000
317_WIND_1-18,18,337.600000,21.658699,0.000000,21.658699,337.600000
303_WIND_1-18,18,499.900112,0.000000,0.000000,0.000000,533.900000
320_PV_1-19,19,0.000000,25.604235,0.000000,25.604235,0.000000
314_PV_1-19,19,0.000000,26.694140,0.000000,26.694140,0.000000
314_PV_2-19,19,0.000000,26.694140,0.000000,26.694140,0.000000
313_PV_1-19,19,0.000000,29.323188,0.000000,29.323188,0.000000
314_PV_3-19,19,0.000000,26.694140,0.000000,26.694140,0.000000
314_PV_4-19,19,0.000000,26.694140,0.000000,26.694140,0.000000
313_PV_2-19,19,0.000000,29.323188,0.000000,29.323188,0.000000
310_PV_1-19,19,0.000000,29.013435,0.000000,29.013435,0.000000
324_PV_1-19,19,0.000000,12.629557,0.000000,12.629557,0.000000
312_PV_1-19,19,0.000000,30.477360,0.000000,30.477360,0.000000
310_PV_2-19,19,0.000000,29.013435,0.000000,29.013435,0.000000
324_PV_2-19,19,0.000000,12.629557,0.000000,12.629557,0.000000
324_PV_3-19,19,0.000000,12.629557,0.000000,12.629557,0.000000
319_PV_1-19,19,0.000000,24.104282,0.000000,24.104282,0.000000
308_RTPV_1-19,19,0.000000,33.333766,0.000000,33.333766,0.000000
313_RTPV_1-19,19,0.000000,29.323188,0.000000,29.323188,0.000000
313_RTPV_2-19,19,0.000000,29.323188,0.000000,29.323188,0.000000
313_RTPV_3-19,19,0.000000,29.323188,0.000000,29.323188,0.000000
313_RTPV_4-19,19,0.000000,29.323188,0.000000,29.323188,0.000000
313_RTPV_5-19,19,0.000000,29.323188,0.000000,29.323188,0.000000
313_RTPV_6-19,19,0.000000,29.323188,0.000000,29.323188,0.000000
313_RTPV_7-19,19,0.000000,29.323188,0.000000,29.323188,0.000000
313_RTPV_8-19,19,0.000000,29.323188,0.000000,29.323188,0.000000
313_RTPV_9-19,19,0.000000,29.323188,0.000000,29.323188,0.000000
313_RTPV_10-19,19,0.000000,29.323188,0.000000,29.323188,0.000000
313_RTPV_11-19,19,0.000000,29.323188,0.000000,29.323188,0.000000
313_RTPV_12-19,19,0.000000,29.323188,0.000000,29.323188,0.000000
320_RTPV_1-19,19,0.000000,25.604235,0.000000,25.604235,0.000000
320_RTPV_2-19,19,0.000000,25.604235,0.000000,25.604235,0.000000
320_RTPV_3-19,19,0.000000,25.604235,0.000000,25.604235,0.000000
313_RTPV_13-19,19,0.000000,29.323188,0.000000,29.323188,0.000000
320_RTPV_4-19,19,0.000000,25.604235,0.000000,25.604235,0.000000
320_RTPV_5-19,19,0.000000,25.604235,0.000000,25.604235,0.000000
320_RTPV_6-19,19,0.000000,25.604235,0.000000,25.604235,0.000000
309_WIND_1-19,19,33.800000,37.654096,0.000000,37.654096,33.800000
317_WIND_1-19,19,225.700000,21.658699,0.000000,21.658699,225.700000
303_WIND_1-19,19,524.000319,0.000000,0.000000,0.000000,704.700000
320_PV_1-20,20,0.000000,25.604235,0.000000,25.604235,0.000000
314_PV_1-20,20,0.000000,26.694140,0.000000,26.694140,0.000000
314_PV_2-20,20,0.000000,26.694140,0.000000,26.694140,0.000000
313_PV_1-20,20,0.000000,29.323188,0.000000,29.323188,0.000000
314_PV_3-20,20,0.000000,26.694140,0.000000,26.694140,0.000000
314_PV_4-20,20,0.000000,26.694140,0.000000,26.694140,0.000000
313_PV_2-20,20,0.000000,29.323188,0.000000,29.323188,0.000000
310_PV_1-20,20,0.000000,29.013435,0.000000,29.013435,0.000000
324_PV_1-20,20,0.000000,12.629557,0.000000,12.629557,0.000000
312_PV_1-20,20,0.000000,30.477360,0.000000,30.477360,0.000000
310_PV_2-20,20,0.000000,29.013435,0.000000,29.013435,0.000000
324_PV_2-20,20,0.000000,12.629557,0.000000,12.629557,0.000000
324_PV_3-20,20,0.000000,12.629557,0.000000,12.629557,0.000000
319_PV_1-20,20,0.000000,24.104282,0.000000,24.104282,0.000000
308_RTPV_1-20,20,0.000000,33.333766,0.000000,33.333766,0.000000
313_RTPV_1-20,20,0.000000,29.323188,0.000000,29.323188,0.000000
313_RTPV_2-20,20,0.000000,29.323188,0.000000,29.323188,0.000000
313_RTPV_3-20,20,0.000000,29.323188,0.000000,29.323188,0.000000
313_RTPV_4-20,20,0.000000,29.323188,0.000000,29.323188,0.000000
313_RTPV_5-20,20,0.000000,29.323188,0.000000,29.323188,0.000000
313_RTPV_6-20,20,0.000000,29.323188,0.000000,29.323188,0.000000
313_RTPV_7-20,20,0.000000,29.323188,0.000000,29.323188,0.000000
313_RTPV_8-20,20,0.000000,29.323188,0.000000,29.323188,0.000000
313_RTPV_9-20,20,0.000000,29.323188,0.000000,29.323188,0.000000
313_RTPV_10-20,20,0.000000,29.323188,0.000000,29.323188,0.000000
313_RTPV_11-20,20,0.000000,29.323188,0.000000,29.323188,0.000000
313_RTPV_12-20,20,0.000000,29.323188,0.000000,29.323188,0.000000
320_RTPV_1-20,20,0.000000,25.604235,0.000000,25.604235,0.000000
320_RTPV_2-20,20,0.000000,25.604235,0.000000,25.604235,0.000000
320_RTPV_3-20,20,0.000000,25.604235,0.000000,25.604235,0.000000
313_RTPV_13-20,20,0.000000,29.323188,0.000000,29.323188,0.000000
320_RTPV_4-20,20,0.000000,25.604235,0.000000,25.604235,0.000000
320_RTPV_5-20,20,0.000000,25.604235,0.000000,25.604235,0.000000
320_RTPV_6-20,20,0.000000,25.604235,0.000000,25.604235,0.000000
309_WIND_1-20,20,118.600000,37.654096,0.000000,37.654096,118.600000
317_WIND_1-20,20,150.100000,21.658699,0.000000,21.658699,150.100000
303_WIND_1-20,20,567.792034,0.000000,0.000000,0.000000,750.200000
320_PV_1-21,21,0.000000,25.604235,0.000000,25.604235,0.000000
314_PV_1-21,21,0.000000,26.694140,0.000000,26.694140,0.000000
314_PV_2-21,21,0.000000,26.694140,0.000000,26.694140,0.000000
313_PV_1-21,21,0.000000,29.323188,0.000000,29.323188,0.000000
314_PV_3-21,21,0.000000,26.694140,0.000000,26.694140,0.000000
314_PV_4-21,21,0.000000,26.694140,0.000000,26.694140,0.000000
313_PV_2-21,21,0.000000,29.323188,0.000000,29.323188,0.000000
310_PV_1-21,21,0.000000,29.013435,0.000000,29.013435,0.000000
324_PV_1-21,21,0.000000,12.629557,0.000000,12.629557,0.000000
312_PV_1-21,21,0.000000,30.477360,0.000000,30.477360,0.000000
310_PV_2-21,21,0.000000,29.013435,0.000000,29.013435,0.000000
324_PV_2-21,21,0.000000,12.629557,0.000000,12.629557,0.000000
324_PV_3-21,21,0.000000,12.629557,0.000000,12.629557,0.000000
319_PV_1-21,21,0.000000,24.104282,0.000000,24.104282,0.000000
308_RTPV_1-21,21,0.000000,33.333766,0.000000,33.333766,0.000000
313_RTPV_1-21,21,0.000000,29.323188,0.000000,29.323188,0.000000
313_RTPV_2-21,21,0.000000,29.323188,0.000000,29.323188,0.000000
313_RTPV_3-21,21,0.000000,29.323188,0.000000,29.323188,0.000000
313_RTPV_4-21,21,0.000000,29.323188,0.000000,29.323188,0.000000
313_RTPV_5-21,21,0.000000,29.323188,0.000000,29.323188,0.000000
313_RTPV_6-21,21,0.000000,29.323188,0.000000,29.323188,0.000000
313_RTPV_7-21,21,0.000000,29.323188,0.000000,29.323188,0.000000
313_RTPV_8-21,21,0.000000,29.323188,0.000000,29.323188,0.000000
313_RTPV_9-21,21,0.000000,29.323188,0.000000,29.323188,0.000000
313_RTPV_10-21,21,0.000000,29.323188,0.000000,29.323188,0.000000
313_RTPV_11-21,21,0.000000,29.323188,0.000000,29.323188,0.000000
313_RTPV_12-21,21,0.000000,29.323188,0.000000,29.323188,0.000000
320_RTPV_1-21,21,0.000000,25.604235,0.000000,25.604235,0.000000
320_RTPV_2-21,21,0.000000,25.604235,0.000000,25.604235,0.000000
320_RTPV_3-21,21,0.000000,25.604235,0.000000,25.604235,0.000000
313_RTPV_13-21,21,0.000000,29.323188,0.000000,29.323188,0.000000
320_RTPV_4-21,21,0.000000,25.604235,0.000000,25.604235,0.000000
320_RTPV_5-21,21,0.000000,25.604235,0.000000,25.604235,0.000000
320_RTPV_6-21,21,0.000000,25.604235,0.000000,25.604235,0.000000
309_WIND_1-21,21,67.700000,37.654096,0.000000,37.654096,67.700000
317_WIND_1-21,21,216.000000,21.658699,0.000000,21.658699,216.000000
303_WIND_1-21,21,534.127163,0.000000,0.000000,0.000000,794.100000
320_PV_1-22,22,0.000000,25.604235,0.000000,25.604235,0.000000
314_PV_1-22,22,0.000000,26.694140,0.000000,26.694140,0.000000
314_PV_2-22,22,0.000000,26.694140,0.000000,26.694140,0.000000
313_PV_1-22,22,0.000000,29.323188,0.000000,29.323188,0.000000
314_PV_3-22,22,0.000000,26.694140,0.000000,26.694140,0.000000
314_PV_4-22,22,0.000000,26.694140,0.000000,26.694140,0.000000
313_PV_2-22,22,0.000000,29.323188,0.000000,29.323188,0.000000
310_PV_1-22,22,0.000000,29.013435,0.000000,29.013435,0.000000
324_PV_1-22,22,0.000000,12.629557,0.000000,12.629557,0.000000
312_PV_1-22,22,0.000000,30.477360,0.000000,30.477360,0.000000
310_PV_2-22,22,0.000000,29.013435,0.000000,29.013435,0.000000
324_PV_2-22,22,0.000000,12.629557,0.000000,12.629557,0.000000
324_PV_3-22,22,0.000000,12.629557,0.000000,12.629557,0.000000
319_PV_1-22,22,0.000000,24.104282,0.000000,24.104282,0.000000
308_RTPV_1-22,22,0.000000,33.333766,0.000000,33.333766,0.000000
313_RTPV_1-22,22,0.000000,29.323188,0.000000,29.323188,0.000000
313_RTPV_2-22,22,0.000000,29.323188,0.000000,29.323188,0.000000
313_RTPV_3-22,22,0.000000,29.323188,0.000000,29.323188,0.000000
313_RTPV_4-22,22,0.000000,29.323188,0.000000,29.323188,0.000000
313_RTPV_5-22,22,0.000000,29.323188,0.000000,29.323188,0.000000
313_RTPV_6-22,22,0.000000,29.323188,0.000000,29.323188,0.000000
313_RTPV_7-22,22,0.000000,29.323188,0.000000,29.323188,0.000000
313_RTPV_8-22,22,0.000000,29.323188,0.000000,29.323188,0.000000
313_RTPV_9-22,22,0.000000,29.323188,0.000000,29.323188,0.000000
313_RTPV_10-22,22,0.000000,29.323188,0.000000,29.323188,0.000000
313_RTPV_11-22,22,0.000000,29.323188,0.000000,29.323188,0.000000
313_RTPV_12-22,22,0.000000,29.323188,0.000000,29.323188,0.000000
320_RTPV_1-22,22,0.000000,25.604235,0.000000,25.604235,0.000000
320_RTPV_2-22,22,0.000000,25.604235,0.000000,25.604235,0.000000
320_RTPV_3-22,22,0.000000,25.604235,0.000000,25.604235,0.000000
313_RTPV_13-22,22,0.000000,29.323188,0.000000,29.323188,0.000000
320_RTPV_4-22,22,0.000000,25.604235,0.000000,25.604235,0.000000
320_RTPV_5-22,22,0.000000,25.604235,0.000000,25.604235,0.000000
320_RTPV_6-22,22,0.000000,25.604235,0.000000,25.604235,0.000000
309_WIND_1-22,22,48.900000,37.654096,0.000000,37.654096,48.900000
317_WIND_1-22,22,153.900000,21.658699,0.000000,21.658699,153.900000
303_WIND_1-22,22,523.972819,0.000000,0.000000,0.000000,802.200000
320_PV_1-23,23,0.000000,24.159589,0.000000,24.159589,0.000000
314_PV_1-23,23,0.000000,25.188000,0.000000,25.188000,0.000000
314_PV_2-23,23,0.000000,25.188000,0.000000,25.188000,0.000000
313_PV_1-23,23,0.000000,27.668712,0.000000,27.668712,0.000000
314_PV_3-23,23,0.000000,25.188000,0.000000,25.188000,0.000000
314_PV_4-23,23,0.000000,25.188000,0.000000,25.188000,0.000000
313_PV_2-23,23,0.000000,27.668712,0.000000,27.668712,0.000000
310_PV_1-23,23,0.000000,27.376435,0.000000,27.376435,0.000000
324_PV_1-23,23,0.000000,11.916970,0.000000,11.916970,0.000000
312_PV_1-23,23,0.000000,28.757762,0.000000,28.757762,0.000000
310_PV_2-23,23,0.000000,27.376435,0.000000,27.376435,0.000000
324_PV_2-23,23,0.000000,11.916970,0.000000,11.916970,0.000000
324_PV_3-23,23,0.000000,11.916970,0.000000,11.916970,0.000000
319_PV_1-23,23,0.000000,22.744267,0.000000,22.744267,0.000000
308_RTPV_1-23,23,0.000000,31.453004,0.000000,31.453004,0.000000
313_RTPV_1-23,23,0.000000,27.668712,0.000000,27.668712,0.000000
313_RTPV_2-23,23,0.000000,27.668712,0.000000,27.668712,0.000000
313_RTPV_3-23,23,0.000000,27.668712,0.000000,27.668712,0.000000
313_RTPV_4-23,23,0.000000,27.668712,0.000000,27.668712,0.000000
313_RTPV_5-23,23,0.000000,27.668712,0.000000,27.668712,0.000000
313_RTPV_6-23,23,0.000000,27.668712,0.000000,27.668712,0.000000
313_RTPV_7-23,23,0.000000,27.668712,0.000000,27.668712,0.000000
313_RTPV_8-23,23,0.000000,27.668712,0.000000,27.668712,0.000000
313_RTPV_9-23,23,0.000000,27.668712,0.000000,27.668712,0.000000
313_RTPV_10-23,23,0.000000,27.668712,0.000000,27.668712,0.000000
313_RTPV_11-23,23,0.000000,27.668712,0.000000,27.668712,0.000000
313_RTPV_12-23,23,0.000000,27.668712,0.000000,27.668712,0.000000
320_RTPV_1-23,23,0.000000,24.159589,0.000000,24.159589,0.000000
320_RTPV_2-23,23,0.000000,24.159589,0.000000,24.159589,0.000000
320_RTPV_3-23,23,0.000000,24.159589,0.000000,24.159589,0.000000
313_RTPV_13-23,23,0.000000,27.668712,0.000000,27.668712,0.000000
320_RTPV_4-23,23,0.000000,24.159589,0.000000,24.159589,0.000000
320_RTPV_5-23,23,0.000000,24.159589,0.000000,24.159589,0.000000
320_RTPV_6-23,23,0.000000,24.159589,0.000000,24.159589,0.000000
309_WIND_1-23,23,80.600000,35.529572,0.000000,35.529572,80.600000
317_WIND_1-23,23,133.100000,20.436670,0.000000,20.436670,133.100000
303_WIND_1-23,23,610.708796,0.000000,0.000000,0.000000,811.400000
320_PV_1-24,24,0.000000,22.444560,0.000000,22.444560,0.000000
314_PV_1-24,24,0.000000,23.399966,0.000000,23.399966,0.000000
314_PV_2-24,24,0.000000,23.399966,0.000000,23.399966,0.000000
313_PV_1-24,24,0.000000,25.704578,0.000000,25.704578,0.000000
314_PV_3-24,24,0.000000,23.399966,0.000000,23.399966,0.000000
314_PV_4-24,24,0.000000,23.399966,0.000000,23.399966,0.000000
313_PV_2-24,24,0.000000,25.704578,0.000000,25.704578,0.000000
310_PV_1-24,24,0.000000,25.433050,0.000000,25.433050,0.000000
324_PV_1-24,24,0.000000,11.071014,0.000000,11.071014,0.000000
312_PV_1-24,24,0.000000,26.716320,0.000000,26.716320,0.000000
310_PV_2-24,24,0.000000,25.433050,0.000000,25.433050,0.000000
324_PV_2-24,24,0.000000,11.071014,0.000000,11.071014,0.000000
324_PV_3-24,24,0.000000,11.071014,0.000000,11.071014,0.000000
319_PV_1-24,24,0.000000,21.129708,0.000000,21.129708,0.000000
308_RTPV_1-24,24,0.000000,29.220233,0.000000,29.220233,0.000000
313_RTPV_1-24,24,0.000000,25.704578,0.000000,25.704578,0.000000
313_RTPV_2-24,24,0.000000,25.704578,0.000000,25.704578,0.000000
313_RTPV_3-24,24,0.000000,25.704578,0.000000,25.704578,0.000000
313_RTPV_4-24,24,0.000000,25.704578,0.000000,25.704578,0.000000
313_RTPV_5-24,24,0.000000,25.704578,0.000000,25.704578,0.000000
313_RTPV_6-24,24,0.000000,25.704578,0.000000,25.704578,0.000000
313_RTPV_7-24,24,0.000000,25.704578,0.000000,25.704578,0.000000
313_RTPV_8-24,24,0.000000,25.704578,0.000000,25.704578,0.000000
313_RTPV_9-24,24,0.000000,25.704578,0.000000,25.704578,0.000000
313_RTPV_10-24,24,0.000000,25.704578,0.000000,25.704578,0.000000
313_RTPV_11-24,24,0.000000,25.704578,0.000000,25.704578,0.000000
313_RTPV_12-24,24,0.000000,25.704578,0.000000,25.704578,0.000000
320_RTPV_1-24,24,0.000000,22.444560,0.000000,22.444560,0.000000
320_RTPV_2-24,24,0.000000,22.444560,0.000000,22.444560,0.000000
320_RTPV_3-24,24,0.000000,22.444560,0.000000,22.444560,0.000000
313_RTPV_13-24,24,0.000000,25.704578,0.000000,25.704578,0.000000
320_RTPV_4-24,24,0.000000,22.444560,0.000000,22.444560,0.000000
320_RTPV_5-24,24,0.000000,22.444560,0.000000,22.444560,0.000000
320_RTPV_6-24,24,0.000000,22.444560,0.000000,22.444560,0.000000
309_WIND_1-24,24,102.400000,33.007416,0.000000,33.007416,102.400000
317_WIND_1-24,24,108.700000,18.985921,0.000000,18.985921,108.700000
303_WIND_1-24,24,527.583609,0.000000,0.000000,0.000000,782.400000
