,flow (MWh),congestion price from ($/MWh),congestion price to ($/MWh)
C1-1,47.642164,0.000000,0.000000
C1-2,-2.161578,0.000000,0.000000
C1-3,27.178734,0.000000,0.000000
C1-4,28.519389,0.000000,0.000000
C1-5,4.472169,0.000000,0.000000
C1-6,13.332034,0.000000,0.000000
C1-7,46.987445,0.000000,0.000000
C1-8,37.063223,0.000000,0.000000
C1-9,48.805555,0.000000,0.000000
C1-10,45.924582,0.000000,0.000000
C1-11,34.286079,0.000000,0.000000
C1-12,38.478608,0.000000,0.000000
C1-13,53.416662,0.000000,0.000000
C1-14,51.758438,0.000000,0.000000
C1-15,73.110002,0.000000,0.000000
C1-16,72.699891,0.000000,0.000000
C1-17,53.492756,0.000000,0.000000
C1-18,65.907547,0.000000,0.000000
C1-19,52.615586,0.000000,0.000000
C1-20,52.559035,0.000000,0.000000
C1-21,51.622083,0.000000,0.000000
C1-22,50.860354,0.000000,0.000000
C1-23,50.018702,0.000000,0.000000
C1-24,16.890432,0.000000,0.000000
C2-1,-126.999750,0.000000,0.000000
C2-2,-18.832142,0.000000,0.000000
C2-3,-129.953813,0.000000,0.000000
C2-4,-83.409022,0.000000,0.000000
C2-5,-89.231872,0.000000,0.000000
C2-6,-111.284149,0.000000,0.000000
C2-7,-124.704251,0.000000,0.000000
C2-8,-132.600502,0.000000,0.000000
C2-9,-131.401220,0.000000,0.000000
C2-10,-126.085016,0.000000,0.000000
C2-11,-91.324450,0.000000,0.000000
C2-12,-111.161894,0.000000,0.000000
C2-13,-136.868314,0.000000,0.000000
C2-14,-140.856085,0.000000,0.000000
C2-15,-126.093529,0.000000,0.000000
C2-16,-127.980531,0.000000,0.000000
C2-17,-141.937796,0.000000,0.000000
C2-18,-132.502424,0.000000,0.000000
C2-19,-145.389679,0.000000,0.000000
C2-20,-143.209003,0.000000,0.000000
C2-21,-141.880322,0.000000,0.000000
C2-22,-134.953367,0.000000,0.000000
C2-23,-128.252564,0.000000,0.000000
C2-24,-51.366416,0.000000,0.000000
C3-1,37.947906,0.000000,0.000000
C3-2,-18.365977,0.000000,0.000000
C3-3,14.645373,0.000000,0.000000
C3-4,17.238256,0.000000,0.000000
C3-5,-2.994173,0.000000,0.000000
C3-6,9.822410,0.000000,0.000000
C3-7,39.160020,0.000000,0.000000
C3-8,27.076181,0.000000,0.000000
C3-9,35.992691,0.000000,0.000000
C3-10,30.055404,0.000000,0.000000
C3-11,13.672022,0.000000,0.000000
C3-12,17.624128,0.000000,0.000000
C3-13,31.258134,0.000000,0.000000
C3-14,29.972686,0.000000,0.000000
C3-15,42.440661,0.000000,0.000000
C3-16,42.659140,0.000000,0.000000
C3-17,30.598008,0.000000,0.000000
C3-18,40.175948,0.000000,0.000000
C3-19,29.327083,0.000000,0.000000
C3-20,28.210867,0.000000,0.000000
C3-21,31.150361,0.000000,0.000000
C3-22,29.939264,0.000000,0.000000
C3-23,29.187991,0.000000,0.000000
C3-24,-9.940340,0.000000,0.000000
C4-1,-15.965863,0.000000,0.000000
C4-2,-28.023581,0.000000,0.000000
C4-3,-18.435767,0.000000,0.000000
C4-4,-18.328463,0.000000,0.000000
C4-5,-29.971278,0.000000,0.000000
C4-6,-29.750773,0.000000,0.000000
C4-7,-14.709494,0.000000,0.000000
C4-8,-20.261379,0.000000,0.000000
C4-9,-18.454726,0.000000,0.000000
C4-10,-20.843089,0.000000,0.000000
C4-11,-24.615789,0.000000,0.000000
C4-12,-25.021520,0.000000,0.000000
C4-13,-20.508059,0.000000,0.000000
C4-14,-23.407148,0.000000,0.000000
C4-15,-10.779372,0.000000,0.000000
C4-16,-12.209379,0.000000,0.000000
C4-17,-23.899551,0.000000,0.000000
C4-18,-16.349697,0.000000,0.000000
C4-19,-26.266898,0.000000,0.000000
C4-20,-24.582520,0.000000,0.000000
C4-21,-24.339712,0.000000,0.000000
C4-22,-19.494586,0.000000,0.000000
C4-23,-14.898617,0.000000,0.000000
C4-24,-18.599320,0.000000,0.000000
C5-1,26.415999,0.000000,0.000000
C5-2,-9.488836,0.000000,0.000000
C5-3,11.368377,0.000000,0.000000
C5-4,13.031338,0.000000,0.000000
C5-5,0.534874,0.000000,0.000000
C5-6,8.836682,0.000000,0.000000
C5-7,27.067234,0.000000,0.000000
C5-8,19.610904,0.000000,0.000000
C5-9,25.403906,0.000000,0.000000
C5-10,21.765931,0.000000,0.000000
C5-11,11.414522,0.000000,0.000000
C5-12,14.048847,0.000000,0.000000
C5-13,22.693623,0.000000,0.000000
C5-14,22.062612,0.000000,0.000000
C5-15,29.512911,0.000000,0.000000
C5-16,29.750301,0.000000,0.000000
C5-17,22.540203,0.000000,0.000000
C5-18,28.325735,0.000000,0.000000
C5-19,21.897670,0.000000,0.000000
C5-20,21.061991,0.000000,0.000000
C5-21,22.874165,0.000000,0.000000
C5-22,21.716851,0.000000,0.000000
C5-23,20.866860,0.000000,0.000000
C5-24,-4.402687,0.000000,0.000000
C6-1,175.000000,0.000000,0.000000
C6-2,-44.830842,0.000000,0.000000
C6-3,175.000000,0.000000,0.000000
C6-4,93.123453,0.000000,0.000000
C6-5,77.956781,0.000000,0.000000
C6-6,118.303199,0.000000,0.000000
C6-7,175.000000,0.000000,0.000000
C6-8,175.000000,0.000000,0.000000
C6-9,175.000000,0.000000,36.682861
C6-10,158.501526,0.000000,0.000000
C6-11,86.517318,0.000000,0.000000
C6-12,120.087514,0.000000,0.000000
C6-13,175.000000,0.000000,44.655044
C6-14,175.000000,0.000000,62.388963
C6-15,175.000000,0.000000,64.517839
C6-16,175.000000,0.000000,62.693197
C6-17,175.000000,0.000000,62.693197
C6-18,175.000000,0.000000,62.693197
C6-19,175.000000,0.000000,59.937878
C6-20,175.000000,0.000000,0.000000
C6-21,175.000000,0.000000,0.000000
C6-22,175.000000,0.000000,0.000000
C6-23,175.000000,0.000000,0.000000
C6-24,30.363551,0.000000,0.000000
C7-1,236.140490,0.000000,0.000000
C7-2,-39.600794,0.000000,0.000000
C7-3,38.230506,0.000000,0.000000
C7-4,-2.856787,0.000000,0.000000
C7-5,-46.812289,0.000000,0.000000
C7-6,21.122045,0.000000,0.000000
C7-7,135.799229,0.000000,0.000000
C7-8,79.333082,0.000000,0.000000
C7-9,103.645541,0.000000,0.000000
C7-10,66.913407,0.000000,0.000000
C7-11,-27.220949,0.000000,0.000000
C7-12,6.043660,0.000000,0.000000
C7-13,105.305337,0.000000,0.000000
C7-14,127.267864,0.000000,0.000000
C7-15,133.323907,0.000000,0.000000
C7-16,133.995121,0.000000,0.000000
C7-17,132.508359,0.000000,0.000000
C7-18,151.050536,0.000000,0.000000
C7-19,94.255932,0.000000,0.000000
C7-20,27.673417,0.000000,0.000000
C7-21,138.244410,0.000000,0.000000
C7-22,217.507947,0.000000,0.000000
C7-23,157.408023,0.000000,0.000000
C7-24,-155.757173,0.000000,0.000000
C8-1,-44.339163,0.000000,0.000000
C8-2,-54.992262,0.000000,0.000000
C8-3,-44.561677,0.000000,0.000000
C8-4,-44.126628,0.000000,0.000000
C8-5,-55.839674,0.000000,0.000000
C8-6,-55.876683,0.000000,0.000000
C8-7,-41.128033,0.000000,0.000000
C8-8,-49.032654,0.000000,0.000000
C8-9,-50.386393,0.000000,0.000000
C8-10,-55.174314,0.000000,0.000000
C8-11,-60.843249,0.000000,0.000000
C8-12,-62.747240,0.000000,0.000000
C8-13,-59.591577,0.000000,0.000000
C8-14,-63.918695,0.000000,0.000000
C8-15,-52.262447,0.000000,0.000000
C8-16,-54.289417,0.000000,0.000000
C8-17,-65.745486,0.000000,0.000000
C8-18,-57.493323,0.000000,0.000000
C8-19,-69.739850,0.000000,0.000000
C8-20,-67.364867,0.000000,0.000000
C8-21,-64.839554,0.000000,0.000000
C8-22,-56.599932,0.000000,0.000000
C8-23,-48.504121,0.000000,0.000000
C8-24,-49.032727,0.000000,0.000000
C9-1,10.724875,0.000000,0.000000
C9-2,-44.241333,0.000000,0.000000
C9-3,-10.421378,0.000000,0.000000
C9-4,-7.514037,0.000000,0.000000
C9-5,-27.813850,0.000000,0.000000
C9-6,-15.244341,0.000000,0.000000
C9-7,13.812503,0.000000,0.000000
C9-8,-0.528691,0.000000,0.000000
C9-9,5.355551,0.000000,0.000000
C9-10,-2.884013,0.000000,0.000000
C9-11,-21.086757,0.000000,0.000000
C9-12,-18.572171,0.000000,0.000000
C9-13,-6.240917,0.000000,0.000000
C9-14,-8.896501,0.000000,0.000000
C9-15,2.639332,0.000000,0.000000
C9-16,2.285050,0.000000,0.000000
C9-17,-9.551470,0.000000,0.000000
C9-18,0.700308,0.000000,0.000000
C9-19,-12.383452,0.000000,0.000000
C9-20,-12.837061,0.000000,0.000000
C9-21,-7.707595,0.000000,0.000000
C9-22,-5.661811,0.000000,0.000000
C9-23,-3.055129,0.000000,0.000000
C9-24,-39.139961,0.000000,0.000000
C10-1,-25.729525,0.000000,0.000000
C10-2,-59.052898,0.000000,0.000000
C10-3,-36.646808,0.000000,0.000000
C10-4,-34.381506,0.000000,0.000000
C10-5,-47.007043,0.000000,0.000000
C10-6,-39.178503,0.000000,0.000000
C10-7,-21.485756,0.000000,0.000000
C10-8,-33.266034,0.000000,0.000000
C10-9,-33.281320,0.000000,0.000000
C10-10,-41.329292,0.000000,0.000000
C10-11,-55.165674,0.000000,0.000000
C10-12,-55.284908,0.000000,0.000000
C10-13,-49.135545,0.000000,0.000000
C10-14,-52.391042,0.000000,0.000000
C10-15,-46.726254,0.000000,0.000000
C10-16,-47.585985,0.000000,0.000000
C10-17,-54.365839,0.000000,0.000000
C10-18,-47.289576,0.000000,0.000000
C10-19,-57.998566,0.000000,0.000000
C10-20,-57.565025,0.000000,0.000000
C10-21,-51.557977,0.000000,0.000000
C10-22,-46.476759,0.000000,0.000000
C10-23,-40.894608,0.000000,0.000000
C10-24,-60.334354,0.000000,0.000000
C11-1,-47.927871,0.000000,0.000000
C11-2,-45.555204,0.000000,0.000000
C11-3,-44.131604,0.000000,0.000000
C11-4,-43.577982,0.000000,0.000000
C11-5,-43.696615,0.000000,0.000000
C11-6,-44.131604,0.000000,0.000000
C11-7,-44.625910,0.000000,0.000000
C11-8,-48.600127,0.000000,0.000000
C11-9,-53.938627,0.000000,0.000000
C11-10,-57.991933,0.000000,0.000000
C11-11,-61.195033,0.000000,0.000000
C11-12,-63.725878,0.000000,0.000000
C11-13,-18.181487,0.000000,0.000000
C11-14,19.568333,0.000000,0.000000
C11-15,17.927238,0.000000,0.000000
C11-16,16.918855,0.000000,0.000000
C11-17,17.314299,0.000000,0.000000
C11-18,18.500633,0.000000,0.000000
C11-19,3.821441,0.000000,0.000000
C11-20,-72.267479,0.000000,0.000000
C11-21,-68.411895,0.000000,0.000000
C11-22,-62.677950,0.000000,0.000000
C11-23,-56.766055,0.000000,0.000000
C11-24,-51.407782,0.000000,0.000000
C12-1-1,-87.477836,0.000000,0.000000
C12-1-2,-49.737306,0.000000,0.000000
C12-1-3,-73.230698,0.000000,0.000000
C12-1-4,-63.995585,0.000000,0.000000
C12-1-5,-72.491170,0.000000,0.000000
C12-1-6,-79.210236,0.000000,0.000000
C12-1-7,-83.236165,0.000000,0.000000
C12-1-8,-86.053630,0.000000,0.000000
C12-1-9,-95.473409,0.000000,0.000000
C12-1-10,-99.096306,0.000000,0.000000
C12-1-11,-97.546996,0.000000,0.000000
C12-1-12,-102.810365,0.000000,0.000000
C12-1-13,-85.041854,0.000000,0.000000
C12-1-14,-69.327397,0.000000,0.000000
C12-1-15,-68.119035,0.000000,0.000000
C12-1-16,-70.481298,0.000000,0.000000
C12-1-17,-72.674222,0.000000,0.000000
C12-1-18,-70.437536,0.000000,0.000000
C12-1-19,-82.425074,0.000000,0.000000
C12-1-20,-117.135488,0.000000,0.000000
C12-1-21,-114.579260,0.000000,0.000000
C12-1-22,-74.228143,0.000000,0.000000
C12-1-23,-92.812279,0.000000,0.000000
C12-1-24,-69.763195,0.000000,0.000000
C13-2-1,-26.015362,0.000000,0.000000
C13-2-2,-26.379083,0.000000,0.000000
C13-2-3,-31.272940,0.000000,0.000000
C13-2-4,-19.622075,0.000000,0.000000
C13-2-5,-30.982415,0.000000,0.000000
C13-2-6,-25.293402,0.000000,0.000000
C13-2-7,-22.437989,0.000000,0.000000
C13-2-8,-29.031469,0.000000,0.000000
C13-2-9,-32.253260,0.000000,0.000000
C13-2-10,-38.228591,0.000000,0.000000
C13-2-11,-47.362843,0.000000,0.000000
C13-2-12,-48.092514,0.000000,0.000000
C13-2-13,-23.454249,0.000000,0.000000
C13-2-14,-4.718791,0.000000,0.000000
C13-2-15,-9.813265,0.000000,0.000000
C13-2-16,-9.838854,0.000000,0.000000
C13-2-17,-6.709517,0.000000,0.000000
C13-2-18,-6.136965,0.000000,0.000000
C13-2-19,-14.211252,0.000000,0.000000
C13-2-20,-52.527234,0.000000,0.000000
C13-2-21,-47.420107,0.000000,0.000000
C13-2-22,-15.459910,0.000000,0.000000
C13-2-23,-41.609740,0.000000,0.000000
C13-2-24,-51.970433,0.000000,0.000000
C14-1,76.610590,0.000000,0.000000
C14-2,-29.640951,0.000000,0.000000
C14-3,1.407606,0.000000,0.000000
C14-4,15.990545,0.000000,0.000000
C14-5,-9.819872,0.000000,0.000000
C14-6,24.728308,0.000000,0.000000
C14-7,65.305671,0.000000,0.000000
C14-8,36.167848,0.000000,0.000000
C14-9,47.087442,0.000000,0.000000
C14-10,28.127933,0.000000,0.000000
C14-11,-15.091589,0.000000,0.000000
C14-12,-7.354425,0.000000,0.000000
C14-13,28.010757,0.000000,0.000000
C14-14,39.612635,0.000000,0.000000
C14-15,33.309476,0.000000,0.000000
C14-16,36.416994,0.000000,0.000000
C14-17,39.005708,0.000000,0.000000
C14-18,46.541421,0.000000,0.000000
C14-19,31.449298,0.000000,0.000000
C14-20,11.490983,0.000000,0.000000
C14-21,34.110742,0.000000,0.000000
C14-22,66.560443,0.000000,0.000000
C14-23,21.608575,0.000000,0.000000
C14-24,-79.257422,0.000000,0.000000
C15-1,43.715059,0.000000,0.000000
C15-2,-39.271745,0.000000,0.000000
C15-3,13.582514,0.000000,0.000000
C15-4,25.643187,0.000000,0.000000
C15-5,-3.296119,0.000000,0.000000
C15-6,34.520394,0.000000,0.000000
C15-7,68.312192,0.000000,0.000000
C15-8,44.699731,0.000000,0.000000
C15-9,51.822011,0.000000,0.000000
C15-10,33.639267,0.000000,0.000000
C15-11,-9.387718,0.000000,0.000000
C15-12,-2.081895,0.000000,0.000000
C15-13,27.720240,0.000000,0.000000
C15-14,36.570272,0.000000,0.000000
C15-15,28.240509,0.000000,0.000000
C15-16,31.273688,0.000000,0.000000
C15-17,34.331270,0.000000,0.000000
C15-18,39.911939,0.000000,0.000000
C15-19,32.478122,0.000000,0.000000
C15-20,22.367525,0.000000,0.000000
C15-21,11.743791,0.000000,0.000000
C15-22,35.912352,0.000000,0.000000
C15-23,2.106563,0.000000,0.000000
C15-24,-81.145845,0.000000,0.000000
C16-1,-41.202909,0.000000,0.000000
C16-2,-75.283155,0.000000,0.000000
C16-3,-79.770630,0.000000,0.000000
C16-4,-69.647281,0.000000,0.000000
C16-5,-90.295095,0.000000,0.000000
C16-6,-79.249172,0.000000,0.000000
C16-7,-51.389307,0.000000,0.000000
C16-8,-73.650180,0.000000,0.000000
C16-9,-74.563912,0.000000,0.000000
C16-10,-89.251047,0.000000,0.000000
C16-11,-112.433845,0.000000,0.000000
C16-12,-113.356206,0.000000,0.000000
C16-13,-90.763126,0.000000,0.000000
C16-14,-84.836205,0.000000,0.000000
C16-15,-79.034909,0.000000,0.000000
C16-16,-80.403530,0.000000,0.000000
C16-17,-88.076501,0.000000,0.000000
C16-18,-77.208896,0.000000,0.000000
C16-19,-100.097200,0.000000,0.000000
C16-20,-113.372767,0.000000,0.000000
C16-21,-95.355369,0.000000,0.000000
C16-22,-46.187532,0.000000,0.000000
C16-23,-77.162151,0.000000,0.000000
C16-24,-114.862278,0.000000,0.000000
C17-1,-74.584581,0.000000,0.000000
C17-2,-85.056276,0.000000,0.000000
C17-3,-67.415798,0.000000,0.000000
C17-4,-59.851989,0.000000,0.000000
C17-5,-83.674932,0.000000,0.000000
C17-6,-69.312376,0.000000,0.000000
C17-7,-48.338354,0.000000,0.000000
C17-8,-64.992210,0.000000,0.000000
C17-9,-69.759374,0.000000,0.000000
C17-10,-83.658265,0.000000,0.000000
C17-11,-106.645680,0.000000,0.000000
C17-12,-108.005757,0.000000,0.000000
C17-13,-91.057936,0.000000,0.000000
C17-14,-87.923529,0.000000,0.000000
C17-15,-84.178786,0.000000,0.000000
C17-16,-85.622846,0.000000,0.000000
C17-17,-92.820019,0.000000,0.000000
C17-18,-83.936351,0.000000,0.000000
C17-19,-99.053172,0.000000,0.000000
C17-20,-102.335488,0.000000,0.000000
C17-21,-118.052866,0.000000,0.000000
C17-22,-77.288550,0.000000,0.000000
C17-23,-96.952371,0.000000,0.000000
C17-24,-116.778610,0.000000,0.000000
C18-1,-63.811130,0.000000,0.000000
C18-2,-41.166500,0.000000,0.000000
C18-3,25.106919,0.000000,0.000000
C18-4,27.447683,0.000000,0.000000
C18-5,13.055479,0.000000,0.000000
C18-6,27.766428,0.000000,0.000000
C18-7,35.816715,0.000000,0.000000
C18-8,33.113792,0.000000,0.000000
C18-9,15.861621,0.000000,0.000000
C18-10,-4.961455,0.000000,0.000000
C18-11,-55.605589,0.000000,0.000000
C18-12,-52.899795,0.000000,0.000000
C18-13,-44.650835,0.000000,0.000000
C18-14,-49.210696,0.000000,0.000000
C18-15,-63.139602,0.000000,0.000000
C18-16,-62.170814,0.000000,0.000000
C18-17,-63.043556,0.000000,0.000000
C18-18,-61.894111,0.000000,0.000000
C18-19,-39.618721,0.000000,0.000000
C18-20,18.106501,0.000000,0.000000
C18-21,-92.920096,0.000000,0.000000
C18-22,-67.422809,0.000000,0.000000
C18-23,-68.490508,0.000000,0.000000
C18-24,-31.554908,0.000000,0.000000
C19-1,99.218810,0.000000,0.000000
C19-2,-63.757606,0.000000,0.000000
C19-3,-103.469943,0.000000,0.000000
C19-4,-81.104419,0.000000,0.000000
C19-5,-113.170446,0.000000,0.000000
C19-6,-82.287292,0.000000,0.000000
C19-7,-21.900351,0.000000,0.000000
C19-8,-70.596125,0.000000,0.000000
C19-9,-43.338092,0.000000,0.000000
C19-10,-56.161658,0.000000,0.000000
C19-11,-71.919845,0.000000,0.000000
C19-12,-67.810835,0.000000,0.000000
C19-13,-18.101533,0.000000,0.000000
C19-14,3.987126,0.000000,0.000000
C19-15,17.414169,0.000000,0.000000
C19-16,18.184278,0.000000,0.000000
C19-17,13.972762,0.000000,0.000000
C19-18,31.226635,0.000000,0.000000
C19-19,-29.029181,0.000000,0.000000
C19-20,-119.988285,0.000000,0.000000
C19-21,31.675469,0.000000,0.000000
C19-22,87.795720,0.000000,0.000000
C19-23,12.936931,0.000000,0.000000
C19-24,-162.564792,0.000000,0.000000
C20-1,-4.516936,0.000000,0.000000
C20-2,-23.806993,0.000000,0.000000
C20-3,3.161649,0.000000,0.000000
C20-4,10.048796,0.000000,0.000000
C20-5,1.296415,0.000000,0.000000
C20-6,10.116192,0.000000,0.000000
C20-7,30.397460,0.000000,0.000000
C20-8,17.735073,0.000000,0.000000
C20-9,7.327560,0.000000,0.000000
C20-10,-14.895635,0.000000,0.000000
C20-11,-65.886817,0.000000,0.000000
C20-12,-62.403531,0.000000,0.000000
C20-13,-44.127178,0.000000,0.000000
C20-14,-43.726836,0.000000,0.000000
C20-15,-54.002790,0.000000,0.000000
C20-16,-52.900005,0.000000,0.000000
C20-17,-54.617882,0.000000,0.000000
C20-18,-49.944470,0.000000,0.000000
C20-19,-41.473176,0.000000,0.000000
C20-20,-1.498466,0.000000,0.000000
C20-21,-52.603666,0.000000,0.000000
C20-22,-12.179624,0.000000,0.000000
C20-23,-33.338131,0.000000,0.000000
C20-24,-28.151024,0.000000,0.000000
C21-1,49.222413,0.000000,0.000000
C21-2,-25.137695,0.000000,0.000000
C21-3,-56.994933,0.000000,0.000000
C21-4,-44.257598,0.000000,0.000000
C21-5,-65.559133,0.000000,0.000000
C21-6,-44.908174,0.000000,0.000000
C21-7,-10.423622,0.000000,0.000000
C21-8,-38.027552,0.000000,0.000000
C21-9,-25.264923,0.000000,0.000000
C21-10,-35.123363,0.000000,0.000000
C21-11,-50.146581,0.000000,0.000000
C21-12,-47.684121,0.000000,0.000000
C21-13,-19.210518,0.000000,0.000000
C21-14,-7.626421,0.000000,0.000000
C21-15,-1.935487,0.000000,0.000000
C21-16,-1.449153,0.000000,0.000000
C21-17,-3.870867,0.000000,0.000000
C21-18,5.920058,0.000000,0.000000
C21-19,-25.101874,0.000000,0.000000
C21-20,-66.319496,0.000000,0.000000
C21-21,-3.038743,0.000000,0.000000
C21-22,38.020093,0.000000,0.000000
C21-23,9.858990,0.000000,0.000000
C21-24,-95.565098,0.000000,0.000000
C22-1,57.372265,0.000000,0.000000
C22-2,-14.892192,0.000000,0.000000
C22-3,-65.290433,0.000000,0.000000
C22-4,-54.888841,0.000000,0.000000
C22-5,-73.809929,0.000000,0.000000
C22-6,-55.651381,0.000000,0.000000
C22-7,-28.392753,0.000000,0.000000
C22-8,-52.183403,0.000000,0.000000
C22-9,-32.211729,0.000000,0.000000
C22-10,-30.942250,0.000000,0.000000
C22-11,-19.559209,0.000000,0.000000
C22-12,-18.735520,0.000000,0.000000
C22-13,2.927406,0.000000,0.000000
C22-14,15.622130,0.000000,0.000000
C22-15,27.636686,0.000000,0.000000
C22-16,27.570487,0.000000,0.000000
C22-17,25.818210,0.000000,0.000000
C22-18,34.156094,0.000000,0.000000
C22-19,-5.105395,0.000000,0.000000
C22-20,-73.115687,0.000000,0.000000
C22-21,25.634688,0.000000,0.000000
C22-22,49.110011,0.000000,0.000000
C22-23,29.385658,0.000000,0.000000
C22-24,-91.017993,0.000000,0.000000
C23-1,24.834755,0.000000,0.000000
C23-2,47.799050,0.000000,0.000000
C23-3,-171.962192,0.000000,0.000000
C23-4,-148.737446,0.000000,0.000000
C23-5,-166.854259,0.000000,0.000000
C23-6,-150.779542,0.000000,0.000000
C23-7,-91.159763,0.000000,0.000000
C23-8,-146.023521,0.000000,0.000000
C23-9,-127.050841,0.000000,0.000000
C23-10,-146.165138,0.000000,0.000000
C23-11,-166.894537,0.000000,0.000000
C23-12,-166.713398,0.000000,0.000000
C23-13,-120.563729,0.000000,0.000000
C23-14,-102.218822,0.000000,0.000000
C23-15,-91.338757,0.000000,0.000000
C23-16,-92.133659,0.000000,0.000000
C23-17,-95.731445,0.000000,0.000000
C23-18,-76.636383,0.000000,0.000000
C23-19,-142.998810,0.000000,0.000000
C23-20,-195.947412,0.000000,0.000000
C23-21,-41.458125,0.000000,0.000000
C23-22,27.944541,0.000000,0.000000
C23-23,35.802681,0.000000,0.000000
C23-24,-205.474670,0.000000,0.000000
C24-1,39.596774,0.000000,0.000000
C24-2,-136.557399,0.000000,0.000000
C24-3,71.044697,0.000000,0.000000
C24-4,39.730625,0.000000,0.000000
C24-5,15.008028,0.000000,0.000000
C24-6,56.841339,0.000000,0.000000
C24-7,90.423749,0.000000,0.000000
C24-8,87.326967,0.000000,0.000000
C24-9,79.789359,0.000000,0.000000
C24-10,66.367254,0.000000,0.000000
C24-11,-8.307478,0.000000,0.000000
C24-12,8.259473,0.000000,0.000000
C24-13,54.162109,0.000000,0.000000
C24-14,54.120415,0.000000,0.000000
C24-15,44.076748,0.000000,0.000000
C24-16,53.616577,0.000000,0.000000
C24-17,55.904545,0.000000,0.000000
C24-18,53.443482,0.000000,0.000000
C24-19,56.015805,0.000000,0.000000
C24-20,52.069098,0.000000,0.000000
C24-21,11.935728,0.000000,0.000000
C24-22,7.773544,0.000000,0.000000
C24-23,4.768118,0.000000,0.000000
C24-24,-47.975690,0.000000,0.000000
C25-1-1,37.499317,0.000000,0.000000
C25-1-2,-9.285696,0.000000,0.000000
C25-1-3,-72.365969,0.000000,0.000000
C25-1-4,-76.550587,0.000000,0.000000
C25-1-5,-86.317466,0.000000,0.000000
C25-1-6,-73.818521,0.000000,0.000000
C25-1-7,-33.897913,0.000000,0.000000
C25-1-8,-65.621903,0.000000,0.000000
C25-1-9,-56.466088,0.000000,0.000000
C25-1-10,-73.260694,0.000000,0.000000
C25-1-11,-87.052037,0.000000,0.000000
C25-1-12,-81.912320,0.000000,0.000000
C25-1-13,-58.141056,0.000000,0.000000
C25-1-14,-50.197630,0.000000,0.000000
C25-1-15,-44.228682,0.000000,0.000000
C25-1-16,-49.941620,0.000000,0.000000
C25-1-17,-51.327562,0.000000,0.000000
C25-1-18,-39.321670,0.000000,0.000000
C25-1-19,-73.994299,0.000000,0.000000
C25-1-20,-98.687170,0.000000,0.000000
C25-1-21,9.891392,0.000000,0.000000
C25-1-22,43.974894,0.000000,0.000000
C25-1-23,39.565595,0.000000,0.000000
C25-1-24,-119.075810,0.000000,0.000000
C25-2-1,37.499317,0.000000,0.000000
C25-2-2,-9.285696,0.000000,0.000000
C25-2-3,-72.365969,0.000000,0.000000
C25-2-4,-76.550587,0.000000,0.000000
C25-2-5,-86.317466,0.000000,0.000000
C25-2-6,-73.818521,0.000000,0.000000
C25-2-7,-33.897913,0.000000,0.000000
C25-2-8,-65.621903,0.000000,0.000000
C25-2-9,-56.466088,0.000000,0.000000
C25-2-10,-73.260694,0.000000,0.000000
C25-2-11,-87.052037,0.000000,0.000000
C25-2-12,-81.912320,0.000000,0.000000
C25-2-13,-58.141056,0.000000,0.000000
C25-2-14,-50.197630,0.000000,0.000000
C25-2-15,-44.228682,0.000000,0.000000
C25-2-16,-49.941620,0.000000,0.000000
C25-2-17,-51.327562,0.000000,0.000000
C25-2-18,-39.321670,0.000000,0.000000
C25-2-19,-73.994299,0.000000,0.000000
C25-2-20,-98.687170,0.000000,0.000000
C25-2-21,9.891392,0.000000,0.000000
C25-2-22,43.974894,0.000000,0.000000
C25-2-23,39.565595,0.000000,0.000000
C25-2-24,-119.075810,0.000000,0.000000
C26-1,-236.140490,0.000000,0.000000
C26-2,39.600794,0.000000,0.000000
C26-3,-38.230506,0.000000,0.000000
C26-4,2.856787,0.000000,0.000000
C26-5,46.812289,0.000000,0.000000
C26-6,-21.122045,0.000000,0.000000
C26-7,-135.799229,0.000000,0.000000
C26-8,-79.333082,0.000000,0.000000
C26-9,-103.645541,0.000000,0.000000
C26-10,-66.913407,0.000000,0.000000
C26-11,27.220949,0.000000,0.000000
C26-12,-6.043660,0.000000,0.000000
C26-13,-105.305337,0.000000,0.000000
C26-14,-127.267864,0.000000,0.000000
C26-15,-133.323907,0.000000,0.000000
C26-16,-133.995121,0.000000,0.000000
C26-17,-132.508359,0.000000,0.000000
C26-18,-151.050536,0.000000,0.000000
C26-19,-94.255932,0.000000,0.000000
C26-20,-37.965084,0.000000,0.000000
C26-21,-205.211077,0.000000,0.000000
C26-22,-254.674614,0.000000,0.000000
C26-23,-227.858023,0.000000,0.000000
C26-24,155.757173,0.000000,0.000000
C27-1,52.681213,0.000000,0.000000
C27-2,-1.419863,0.000000,0.000000
C27-3,-367.601469,0.000000,0.000000
C27-4,-350.740416,0.000000,0.000000
C27-5,-358.082285,0.000000,0.000000
C27-6,-338.896365,0.000000,0.000000
C27-7,-185.568365,0.000000,0.000000
C27-8,-307.927123,0.000000,0.000000
C27-9,-281.225321,0.000000,0.000000
C27-10,-335.613102,0.000000,0.000000
C27-11,-342.847357,0.000000,0.000000
C27-12,-348.976289,0.000000,0.000000
C27-13,-298.700390,0.000000,0.000000
C27-14,-264.011113,0.000000,0.000000
C27-15,-227.185465,0.000000,0.000000
C27-16,-244.973256,0.000000,0.000000
C27-17,-249.163170,0.000000,0.000000
C27-18,-210.518678,0.000000,0.000000
C27-19,-357.466453,0.000000,0.000000
C27-20,-445.631020,0.000000,0.000000
C27-21,-56.278506,0.000000,0.000000
C27-22,79.024270,0.000000,0.000000
C27-23,72.093581,0.000000,0.000000
C27-24,-445.639714,0.000000,0.000000
C28-1,-26.591981,0.000000,0.000000
C28-2,-123.782649,0.000000,0.000000
C28-3,231.378690,0.000000,0.000000
C28-4,206.871210,0.000000,0.000000
C28-5,171.278762,0.000000,0.000000
C28-6,209.652879,0.000000,0.000000
C28-7,149.131623,0.000000,0.000000
C28-8,210.350468,0.000000,0.000000
C28-9,190.812938,0.000000,0.000000
C28-10,209.421671,0.000000,0.000000
C28-11,220.979912,0.000000,0.000000
C28-12,223.950011,0.000000,0.000000
C28-13,179.483206,0.000000,0.000000
C28-14,161.167372,0.000000,0.000000
C28-15,147.518668,0.000000,0.000000
C28-16,149.591258,0.000000,0.000000
C28-17,152.787709,0.000000,0.000000
C28-18,131.726283,0.000000,0.000000
C28-19,211.736216,0.000000,0.000000
C28-20,243.938723,0.000000,0.000000
C28-21,-27.973407,0.000000,0.000000
C28-22,-93.448545,0.000000,0.000000
C28-23,-76.935627,0.000000,0.000000
C28-24,151.063129,0.000000,0.000000
C29-1,53.868440,0.000000,0.000000
C29-2,128.928183,0.000000,0.000000
C29-3,234.530058,0.000000,0.000000
C29-4,229.705337,0.000000,0.000000
C29-5,234.768454,0.000000,0.000000
C29-6,213.194848,0.000000,0.000000
C29-7,117.483723,0.000000,0.000000
C29-8,184.784928,0.000000,0.000000
C29-9,187.281610,0.000000,0.000000
C29-10,222.825925,0.000000,0.000000
C29-11,255.889443,0.000000,0.000000
C29-12,263.934200,0.000000,0.000000
C29-13,232.701050,0.000000,0.000000
C29-14,216.832723,0.000000,0.000000
C29-15,200.632289,0.000000,0.000000
C29-16,202.680211,0.000000,0.000000
C29-17,202.251919,0.000000,0.000000
C29-18,186.855062,0.000000,0.000000
C29-19,268.863190,0.000000,0.000000
C29-20,309.938068,0.000000,0.000000
C29-21,152.379731,0.000000,0.000000
C29-22,79.209308,0.000000,0.000000
C29-23,72.190558,0.000000,0.000000
C29-24,309.179960,0.000000,0.000000
C30-1,-1.187226,0.000000,0.000000
C30-2,11.002272,0.000000,0.000000
C30-3,27.768473,0.000000,0.000000
C30-4,19.120914,0.000000,0.000000
C30-5,10.807594,0.000000,0.000000
C30-6,6.583787,0.000000,0.000000
C30-7,-29.321141,0.000000,0.000000
C30-8,-17.687051,0.000000,0.000000
C30-9,-14.540264,0.000000,0.000000
C30-10,-12.464027,0.000000,0.000000
C30-11,-6.995133,0.000000,0.000000
C30-12,1.739511,0.000000,0.000000
C30-13,-0.443107,0.000000,0.000000
C30-14,-9.468836,0.000000,0.000000
C30-15,-19.767754,0.000000,0.000000
C30-16,-27.386801,0.000000,0.000000
C30-17,-28.756756,0.000000,0.000000
C30-18,-24.698740,0.000000,0.000000
C30-19,-3.496310,0.000000,0.000000
C30-20,4.080912,0.000000,0.000000
C30-21,10.086774,0.000000,0.000000
C30-22,-0.185037,0.000000,0.000000
C30-23,-0.096977,0.000000,0.000000
C30-24,19.855325,0.000000,0.000000
C31-1-1,-36.905704,0.000000,0.000000
C31-1-2,3.784560,0.000000,0.000000
C31-1-3,58.481733,0.000000,0.000000
C31-1-4,56.806797,0.000000,0.000000
C31-1-5,59.180336,0.000000,0.000000
C31-1-6,47.814128,0.000000,0.000000
C31-1-7,-0.699850,0.000000,0.000000
C31-1-8,27.657096,0.000000,0.000000
C31-1-9,21.794554,0.000000,0.000000
C31-1-10,34.167708,0.000000,0.000000
C31-1-11,46.432937,0.000000,0.000000
C31-1-12,47.084231,0.000000,0.000000
C31-1-13,28.412610,0.000000,0.000000
C31-1-14,17.265381,0.000000,0.000000
C31-1-15,6.979226,0.000000,0.000000
C31-1-16,6.660020,0.000000,0.000000
C31-1-17,6.972606,0.000000,0.000000
C31-1-18,0.854374,0.000000,0.000000
C31-1-19,36.617454,0.000000,0.000000
C31-1-20,58.708753,0.000000,0.000000
C31-1-21,-14.934779,0.000000,0.000000
C31-1-22,-43.882376,0.000000,0.000000
C31-1-23,-39.517106,0.000000,0.000000
C31-1-24,86.114814,0.000000,0.000000
C31-2-1,-36.905704,0.000000,0.000000
C31-2-2,3.784560,0.000000,0.000000
C31-2-3,58.481733,0.000000,0.000000
C31-2-4,56.806797,0.000000,0.000000
C31-2-5,59.180336,0.000000,0.000000
C31-2-6,47.814128,0.000000,0.000000
C31-2-7,-0.699850,0.000000,0.000000
C31-2-8,27.657096,0.000000,0.000000
C31-2-9,21.794554,0.000000,0.000000
C31-2-10,34.167708,0.000000,0.000000
C31-2-11,46.432937,0.000000,0.000000
C31-2-12,47.084231,0.000000,0.000000
C31-2-13,28.412610,0.000000,0.000000
C31-2-14,17.265381,0.000000,0.000000
C31-2-15,6.979226,0.000000,0.000000
C31-2-16,6.660020,0.000000,0.000000
C31-2-17,6.972606,0.000000,0.000000
C31-2-18,0.854374,0.000000,0.000000
C31-2-19,36.617454,0.000000,0.000000
C31-2-20,58.708753,0.000000,0.000000
C31-2-21,-14.934779,0.000000,0.000000
C31-2-22,-43.882376,0.000000,0.000000
C31-2-23,-39.517106,0.000000,0.000000
C31-2-24,86.114814,0.000000,0.000000
C32-1-1,-47.995769,0.000000,0.000000
C32-1-2,-25.181626,0.000000,0.000000
C32-1-3,83.738064,0.000000,0.000000
C32-1-4,71.885146,0.000000,0.000000
C32-1-5,83.257198,0.000000,0.000000
C32-1-6,72.875158,0.000000,0.000000
C32-1-7,42.256653,0.000000,0.000000
C32-1-8,69.988742,0.000000,0.000000
C32-1-9,56.354903,0.000000,0.000000
C32-1-10,62.724676,0.000000,0.000000
C32-1-11,66.184752,0.000000,0.000000
C32-1-12,65.837470,0.000000,0.000000
C32-1-13,41.943517,0.000000,0.000000
C32-1-14,31.039159,0.000000,0.000000
C32-1-15,23.026654,0.000000,0.000000
C32-1-16,23.332880,0.000000,0.000000
C32-1-17,25.217407,0.000000,0.000000
C32-1-18,15.545600,0.000000,0.000000
C32-1-19,52.701863,0.000000,0.000000
C32-1-20,99.101874,0.000000,0.000000
C32-1-21,-5.558582,0.000000,0.000000
C32-1-22,-29.803108,0.000000,0.000000
C32-1-23,-29.637271,0.000000,0.000000
C32-1-24,99.766497,0.000000,0.000000
C32-2-1,-47.995769,0.000000,0.000000
C32-2-2,-25.181626,0.000000,0.000000
C32-2-3,83.738064,0.000000,0.000000
C32-2-4,71.885146,0.000000,0.000000
C32-2-5,83.257198,0.000000,0.000000
C32-2-6,72.875158,0.000000,0.000000
C32-2-7,42.256653,0.000000,0.000000
C32-2-8,69.988742,0.000000,0.000000
C32-2-9,56.354903,0.000000,0.000000
C32-2-10,62.724676,0.000000,0.000000
C32-2-11,66.184752,0.000000,0.000000
C32-2-12,65.837470,0.000000,0.000000
C32-2-13,41.943517,0.000000,0.000000
C32-2-14,31.039159,0.000000,0.000000
C32-2-15,23.026654,0.000000,0.000000
C32-2-16,23.332880,0.000000,0.000000
C32-2-17,25.217407,0.000000,0.000000
C32-2-18,15.545600,0.000000,0.000000
C32-2-19,52.701863,0.000000,0.000000
C32-2-20,99.101874,0.000000,0.000000
C32-2-21,-5.558582,0.000000,0.000000
C32-2-22,-29.803108,0.000000,0.000000
C32-2-23,-29.637271,0.000000,0.000000
C32-2-24,99.766497,0.000000,0.000000
C33-1-1,-53.297339,0.000000,0.000000
C33-1-2,20.014943,0.000000,0.000000
C33-1-3,61.142683,0.000000,0.000000
C33-1-4,49.573220,0.000000,0.000000
C33-1-5,69.684531,0.000000,0.000000
C33-1-6,50.279777,0.000000,0.000000
C33-1-7,19.408188,0.000000,0.000000
C33-1-8,45.105478,0.000000,0.000000
C33-1-9,28.738326,0.000000,0.000000
C33-1-10,33.032806,0.000000,0.000000
C33-1-11,34.852895,0.000000,0.000000
C33-1-12,33.209821,0.000000,0.000000
C33-1-13,8.141556,0.000000,0.000000
C33-1-14,-3.997855,0.000000,0.000000
C33-1-15,-12.850600,0.000000,0.000000
C33-1-16,-13.060667,0.000000,0.000000
C33-1-17,-10.973672,0.000000,0.000000
C33-1-18,-20.038076,0.000000,0.000000
C33-1-19,15.103634,0.000000,0.000000
C33-1-20,69.717591,0.000000,0.000000
C33-1-21,-11.297972,0.000000,0.000000
C33-1-22,-43.565052,0.000000,0.000000
C33-1-23,-19.622324,0.000000,0.000000
C33-1-24,93.291545,0.000000,0.000000
C33-2-1,-53.297339,0.000000,0.000000
C33-2-2,20.014943,0.000000,0.000000
C33-2-3,61.142683,0.000000,0.000000
C33-2-4,49.573220,0.000000,0.000000
C33-2-5,69.684531,0.000000,0.000000
C33-2-6,50.279777,0.000000,0.000000
C33-2-7,19.408188,0.000000,0.000000
C33-2-8,45.105478,0.000000,0.000000
C33-2-9,28.738326,0.000000,0.000000
C33-2-10,33.032806,0.000000,0.000000
C33-2-11,34.852895,0.000000,0.000000
C33-2-12,33.209821,0.000000,0.000000
C33-2-13,8.141556,0.000000,0.000000
C33-2-14,-3.997855,0.000000,0.000000
C33-2-15,-12.850600,0.000000,0.000000
C33-2-16,-13.060667,0.000000,0.000000
C33-2-17,-10.973672,0.000000,0.000000
C33-2-18,-20.038076,0.000000,0.000000
C33-2-19,15.103634,0.000000,0.000000
C33-2-20,69.717591,0.000000,0.000000
C33-2-21,-11.297972,0.000000,0.000000
C33-2-22,-43.565052,0.000000,0.000000
C33-2-23,-19.622324,0.000000,0.000000
C33-2-24,93.291545,0.000000,0.000000
C34-1,1.187226,0.000000,0.000000
C34-2,-11.002272,0.000000,0.000000
C34-3,-27.768473,0.000000,0.000000
C34-4,-39.487581,0.000000,0.000000
C34-5,-54.274261,0.000000,0.000000
C34-6,-52.008787,0.000000,0.000000
C34-7,-69.195526,0.000000,0.000000
C34-8,-75.929616,0.000000,0.000000
C34-9,-69.343069,0.000000,0.000000
C34-10,-78.185973,0.000000,0.000000
C34-11,-81.238200,0.000000,0.000000
C34-12,-69.656178,0.000000,0.000000
C34-13,-59.456893,0.000000,0.000000
C34-14,-65.864497,0.000000,0.000000
C34-15,-74.498913,0.000000,0.000000
C34-16,-86.563199,0.000000,0.000000
C34-17,-88.709911,0.000000,0.000000
C34-18,-76.934593,0.000000,0.000000
C34-19,-74.753690,0.000000,0.000000
C34-20,-79.956835,0.000000,0.000000
C34-21,-10.086774,0.000000,0.000000
C34-22,0.185037,0.000000,0.000000
C34-23,0.096977,0.000000,0.000000
C34-24,-65.921992,0.000000,0.000000
C35-1,0.000000,0.000000,0.000000
C35-2,0.000000,0.000000,0.000000
C35-3,0.000000,0.000000,0.000000
C35-4,0.000000,0.000000,0.000000
C35-5,0.000000,0.000000,0.000000
C35-6,0.000000,0.000000,0.000000
C35-7,0.000000,0.000000,0.000000
C35-8,0.000000,0.000000,0.000000
C35-9,0.000000,0.000000,0.000000
C35-10,0.000000,0.000000,0.000000
C35-11,0.000000,0.000000,0.000000
C35-12,0.000000,0.000000,0.000000
C35-13,0.000000,0.000000,0.000000
C35-14,0.000000,0.000000,0.000000
C35-15,0.000000,0.000000,0.000000
C35-16,0.000000,0.000000,0.000000
C35-17,0.000000,0.000000,0.000000
C35-18,0.000000,0.000000,0.000000
C35-19,0.000000,0.000000,0.000000
C35-20,0.000000,0.000000,0.000000
C35-21,0.000000,0.000000,0.000000
C35-22,0.000000,0.000000,0.000000
C35-23,0.000000,0.000000,0.000000
C35-24,0.000000,0.000000,0.000000
