,hour,LMP,VoltageAngle,VoltageAngleDualMax,VoltageAngleDualMin,Load,LoadPayment
301,1,12.455902,0.000000,0.000000,0.000000,54.203838,675.157694151876
301,2,12.455902,0.000000,0.000000,0.000000,49.330135,614.45132720677
301,3,0.000000,0.000000,0.000000,0.000000,45.966813,0.0
301,4,0.000000,0.000000,0.000000,0.000000,44.164832,0.0
301,5,0.000000,0.000000,0.000000,0.000000,43.263133,0.0
301,6,15.731579,0.000000,0.000000,0.000000,42.653036,670.999605423844
301,7,15.731579,0.000000,0.000000,0.000000,42.637465,670.754649007235
301,8,0.000000,0.000000,0.000000,0.000000,44.896666,0.0
301,9,0.000000,0.000000,0.000000,0.000000,49.682605,0.0
301,10,0.000000,0.000000,0.000000,0.000000,52.965241,0.0
301,11,0.000000,0.000000,0.000000,0.000000,58.228216,0.0
301,12,0.000000,0.000000,0.000000,0.000000,61.219251,0.0
301,13,0.000000,0.000000,0.000000,0.000000,64.361749,0.0
301,14,0.000000,0.000000,0.000000,0.000000,66.739855,0.0
301,15,0.000000,0.000000,0.000000,0.000000,67.417899,0.0
301,16,0.000000,0.000000,0.000000,0.000000,68.452658,0.0
301,17,0.000000,0.000000,0.000000,0.000000,68.455489,0.0
301,18,0.000000,0.000000,0.000000,0.000000,67.231047,0.0
301,19,21.907448,0.000000,0.000000,0.000000,65.924505,1444.2376652132398
301,20,23.217425,0.000000,0.000000,0.000000,70.203680,1629.9486751240001
301,21,0.000000,0.000000,0.000000,0.000000,67.944479,0.0
301,22,23.217425,0.000000,0.000000,0.000000,64.769424,1503.7792440132
301,23,0.000000,0.000000,0.000000,0.000000,61.152721,0.0
301,24,26.429209,0.000000,0.000000,0.000000,57.636521,1523.287659541889
302,1,13.030724,0.410521,0.000000,0.000000,48.683076,634.375726827024
302,2,13.030724,0.404316,0.000000,0.000000,44.305770,577.33626047748
302,3,0.000000,0.394107,0.000000,0.000000,41.285008,0.0
302,4,0.000000,0.394011,0.000000,0.000000,39.666562,0.0
302,5,0.000000,0.391857,0.000000,0.000000,38.856703,0.0
302,6,15.731579,0.234627,0.000000,0.000000,38.308745,602.657048358355
302,7,15.731579,0.284829,0.000000,0.000000,38.294760,602.4370422260399
302,8,0.000000,0.392733,0.000000,0.000000,40.323857,0.0
302,9,0.000000,0.402318,0.000000,0.000000,44.622339,0.0
302,10,0.000000,0.409015,0.000000,0.000000,47.570633,0.0
302,11,0.000000,0.421285,0.000000,0.000000,52.297565,0.0
302,12,0.000000,0.428735,0.000000,0.000000,54.983957,0.0
302,13,0.000000,0.433616,0.000000,0.000000,57.806386,0.0
302,14,0.000000,0.278985,0.000000,0.000000,59.942277,0.0
302,15,0.000000,0.438249,0.000000,0.000000,60.551261,0.0
302,16,0.000000,0.439862,0.000000,0.000000,61.480628,0.0
302,17,0.000000,0.441044,0.000000,0.000000,61.483171,0.0
302,18,0.000000,0.438220,0.000000,0.000000,60.383441,0.0
302,19,22.918446,0.432676,0.000000,0.000000,59.209972,1357.000545943512
302,20,24.288876,0.438016,0.000000,0.000000,63.053306,1531.493930824056
302,21,0.000000,0.343514,0.000000,0.000000,61.024208,0.0
302,22,24.288876,0.432157,0.000000,0.000000,58.172539,1412.9455863761639
302,23,0.000000,0.270754,0.000000,0.000000,54.924203,0.0
302,24,26.429209,0.227374,0.000000,0.000000,51.766135,1368.138001037215
303,1,0.000000,-16.029703,0.000000,0.000000,90.339729,0.0
303,2,0.000000,-15.228817,0.000000,0.000000,82.216892,0.0
303,3,0.000000,-15.376225,0.000000,0.000000,76.611356,0.0
303,4,0.000000,-14.820447,0.000000,0.000000,73.608053,0.0
303,5,0.000000,-14.791117,0.000000,0.000000,72.105222,0.0
303,6,15.731579,-9.861630,0.000000,0.000000,71.088393,1118.332670462547
303,7,15.731579,-11.648628,0.000000,0.000000,71.062441,1117.924404524339
303,8,0.000000,-15.201710,0.000000,0.000000,74.827776,0.0
303,9,0.000000,-15.575678,0.000000,0.000000,82.804341,0.0
303,10,0.000000,-15.817742,0.000000,0.000000,88.275401,0.0
303,11,0.000000,-16.024709,0.000000,0.000000,97.047027,0.0
303,12,0.000000,-16.086124,0.000000,0.000000,102.032086,0.0
303,13,0.000000,-16.498511,0.000000,0.000000,107.269582,0.0
303,14,0.000000,-11.648744,0.000000,0.000000,111.233092,0.0
303,15,0.000000,-16.913143,0.000000,0.000000,112.363165,0.0
303,16,0.000000,-17.048268,0.000000,0.000000,114.087763,0.0
303,17,0.000000,-16.909520,0.000000,0.000000,114.092482,0.0
303,18,0.000000,-16.857681,0.000000,0.000000,112.051746,0.0
303,19,0.000000,-17.101425,0.000000,0.000000,109.874174,0.0
303,20,0.000000,-17.817419,0.000000,0.000000,117.006134,0.0
303,21,0.000000,-14.478297,0.000000,0.000000,113.240799,0.0
303,22,0.000000,-16.799192,0.000000,0.000000,107.949041,0.0
303,23,0.000000,-11.534631,0.000000,0.000000,101.921202,0.0
303,24,26.429209,-9.927142,0.000000,0.000000,96.060868,2538.812757093412
304,1,16.972837,-0.851405,0.000000,0.000000,37.139667,630.365514225279
304,2,16.972837,-0.523284,0.000000,0.000000,33.800278,573.6866090486859
304,3,0.000000,-0.684419,0.000000,0.000000,31.495780,0.0
304,4,0.000000,-0.419353,0.000000,0.000000,30.261088,0.0
304,5,0.000000,-0.424438,0.000000,0.000000,29.643258,0.0
304,6,15.731579,-1.020504,0.000000,0.000000,29.225228,459.758983075012
304,7,15.731579,-0.913435,0.000000,0.000000,29.214559,459.59114285866104
304,8,0.000000,-0.613113,0.000000,0.000000,30.762530,0.0
304,9,0.000000,-0.706970,0.000000,0.000000,34.041785,0.0
304,10,0.000000,-0.763353,0.000000,0.000000,36.290998,0.0
304,11,0.000000,-0.753478,0.000000,0.000000,39.897111,0.0
304,12,0.000000,-0.716750,0.000000,0.000000,41.946524,0.0
304,13,0.000000,-0.870737,0.000000,0.000000,44.099717,0.0
304,14,0.000000,-1.518917,0.000000,0.000000,45.729160,0.0
304,15,0.000000,-1.028008,0.000000,0.000000,46.193745,0.0
304,16,0.000000,-1.078344,0.000000,0.000000,46.902747,0.0
304,17,0.000000,-1.001467,0.000000,0.000000,46.904687,0.0
304,18,0.000000,-1.001723,0.000000,0.000000,46.065718,0.0
304,19,29.851836,-1.167553,0.000000,0.000000,45.170494,1348.4221789269839
304,20,31.636854,-1.462737,0.000000,0.000000,48.102522,1521.812465545788
304,21,0.000000,-1.626291,0.000000,0.000000,46.554551,0.0
304,22,31.636854,-1.027552,0.000000,0.000000,44.379050,1404.0135255087
304,23,0.000000,-1.492428,0.000000,0.000000,41.900938,0.0
304,24,26.429209,-1.484559,0.000000,0.000000,39.491690,1043.73412877321
305,1,13.983690,1.325212,0.000000,0.000000,35.634004,498.29486539475994
305,2,13.983690,1.277610,0.000000,0.000000,32.429996,453.49101076524
305,3,0.000000,1.562774,0.000000,0.000000,30.218924,0.0
305,4,0.000000,1.427225,0.000000,0.000000,29.034288,0.0
305,5,0.000000,1.472402,0.000000,0.000000,28.441504,0.0
305,6,15.731579,0.470913,0.000000,0.000000,28.040422,441.120113886338
305,7,15.731579,0.886750,0.000000,0.000000,28.030185,440.95906971211497
305,8,0.000000,1.552931,0.000000,0.000000,29.515401,0.0
305,9,0.000000,1.412301,0.000000,0.000000,32.661712,0.0
305,10,0.000000,1.309287,0.000000,0.000000,34.819742,0.0
305,11,0.000000,1.061850,0.000000,0.000000,38.279661,0.0
305,12,0.000000,0.895696,0.000000,0.000000,40.245989,0.0
305,13,0.000000,0.879141,0.000000,0.000000,42.311891,0.0
305,14,0.000000,-0.251543,0.000000,0.000000,43.875275,0.0
305,15,0.000000,0.869208,0.000000,0.000000,44.321026,0.0
305,16,0.000000,0.863455,0.000000,0.000000,45.001284,0.0
305,17,0.000000,0.800246,0.000000,0.000000,45.003146,0.0
305,18,0.000000,0.856138,0.000000,0.000000,44.198189,0.0
305,19,24.594523,1.051622,0.000000,0.000000,43.339258,1065.908377683934
305,20,26.065175,1.099233,0.000000,0.000000,46.152420,1202.9709039735
305,21,0.000000,0.437879,0.000000,0.000000,44.667204,0.0
305,22,26.065175,0.989274,0.000000,0.000000,42.579899,1109.852518917325
305,23,0.000000,0.024566,0.000000,0.000000,40.202252,0.0
305,24,26.429209,-0.188381,0.000000,0.000000,37.890676,1001.420595155284
306,1,14.954272,2.592793,0.000000,0.000000,68.256684,1020.7290183540481
306,2,14.954272,2.477588,0.000000,0.000000,62.119430,928.95085270496
306,3,0.000000,2.887850,0.000000,0.000000,57.884135,0.0
306,4,0.000000,2.663603,0.000000,0.000000,55.614973,0.0
306,5,0.000000,2.725429,0.000000,0.000000,54.479501,0.0
306,6,15.731579,1.135618,0.000000,0.000000,53.711230,844.96245793217
306,7,15.731579,1.789883,0.000000,0.000000,53.691622,844.653993131138
306,8,0.000000,2.863492,0.000000,0.000000,56.536542,0.0
306,9,0.000000,2.688052,0.000000,0.000000,62.563280,0.0
306,10,0.000000,2.557621,0.000000,0.000000,66.696970,0.0
306,11,0.000000,2.221790,0.000000,0.000000,73.324421,0.0
306,12,0.000000,1.991612,0.000000,0.000000,77.090909,0.0
306,13,0.000000,1.993130,0.000000,0.000000,81.048128,0.0
306,14,0.000000,0.229034,0.000000,0.000000,84.042781,0.0
306,15,0.000000,2.004103,0.000000,0.000000,84.896613,0.0
306,16,0.000000,2.004138,0.000000,0.000000,86.199643,0.0
306,17,0.000000,1.906816,0.000000,0.000000,86.203209,0.0
306,18,0.000000,1.982367,0.000000,0.000000,84.661319,0.0
306,19,26.301584,2.272197,0.000000,0.000000,83.016043,2183.4534283121116
306,20,27.874312,2.382307,0.000000,0.000000,88.404635,2464.21837823612
306,21,0.000000,1.319385,0.000000,0.000000,85.559715,0.0
306,22,27.874312,2.166247,0.000000,0.000000,81.561497,2273.470614565064
306,23,0.000000,0.607450,0.000000,0.000000,77.007130,0.0
306,24,26.429209,0.239087,0.000000,0.000000,72.579323,1918.214096645507
307,1,17.883211,7.616200,0.000000,0.000000,62.735923,1121.919748288753
307,2,17.883211,7.220427,0.000000,0.000000,57.095064,1021.043076570504
307,3,0.000000,6.920882,0.000000,0.000000,53.202330,0.0
307,4,0.000000,6.784350,0.000000,0.000000,51.116703,0.0
307,5,0.000000,6.706642,0.000000,0.000000,50.073071,0.0
307,6,15.731579,5.128613,0.000000,0.000000,49.366939,776.6199008666811
307,7,15.731579,5.626535,0.000000,0.000000,49.348917,776.336386349943
307,8,0.000000,6.833929,0.000000,0.000000,51.963733,0.0
307,9,0.000000,7.238144,0.000000,0.000000,57.503015,0.0
307,10,0.000000,7.448972,0.000000,0.000000,61.302362,0.0
307,11,0.000000,6.593411,0.000000,0.000000,67.393769,0.0
307,12,0.000000,5.760619,0.000000,0.000000,70.855615,0.0
307,13,0.000000,5.337879,0.000000,0.000000,74.492765,0.0
307,14,0.000000,3.712295,0.000000,0.000000,77.245203,0.0
307,15,0.000000,5.354199,0.000000,0.000000,78.029975,0.0
307,16,0.000000,5.772398,0.000000,0.000000,79.227614,0.0
307,17,0.000000,6.367957,0.000000,0.000000,79.230890,0.0
307,18,0.000000,7.274838,0.000000,0.000000,77.813712,0.0
307,19,31.453004,8.429669,0.000000,0.000000,76.301510,2399.9116992360396
307,20,33.333766,8.947243,0.000000,0.000000,81.254260,2708.51048934316
307,21,0.000000,7.863656,0.000000,0.000000,78.639444,0.0
307,22,33.333766,8.510675,0.000000,0.000000,74.964612,2498.852834688792
307,23,0.000000,6.691167,0.000000,0.000000,70.778612,0.0
307,24,26.429209,6.031668,0.000000,0.000000,66.708936,1763.064411711624
308,1,17.883211,5.423553,0.000000,0.000000,85.822743,1534.786221667773
308,2,17.883211,5.224930,0.000000,0.000000,78.106048,1396.786936760128
308,3,0.000000,5.061438,0.000000,0.000000,72.780788,0.0
308,4,0.000000,4.997800,0.000000,0.000000,69.927650,0.0
308,5,0.000000,4.956566,0.000000,0.000000,68.499961,0.0
308,6,15.731579,3.403217,0.000000,0.000000,67.533973,1062.4160314333672
308,7,15.731579,3.901769,0.000000,0.000000,67.509319,1062.0281850847011
308,8,0.000000,5.017774,0.000000,0.000000,71.086387,0.0
308,9,0.000000,5.228389,0.000000,0.000000,78.664124,0.0
308,10,0.000000,5.306429,0.000000,0.000000,83.861631,0.0
308,11,0.000000,4.237970,0.000000,0.000000,92.194676,0.0
308,12,0.000000,3.284185,0.000000,0.000000,96.930481,0.0
308,13,0.000000,2.734325,0.000000,0.000000,101.906103,0.0
308,14,0.000000,1.012542,0.000000,0.000000,105.671438,0.0
308,15,0.000000,2.627018,0.000000,0.000000,106.745006,0.0
308,16,0.000000,3.003359,0.000000,0.000000,108.383375,0.0
308,17,0.000000,3.598803,0.000000,0.000000,108.387858,0.0
308,18,0.000000,4.555216,0.000000,0.000000,106.449159,0.0
308,19,31.453004,5.762899,0.000000,0.000000,104.380466,3283.079214619864
308,20,33.333766,6.107372,0.000000,0.000000,111.155827,3705.242326754482
308,21,0.000000,5.115174,0.000000,0.000000,107.578759,0.0
308,22,33.333766,5.890630,0.000000,0.000000,102.551589,3418.430670654174
308,23,0.000000,4.217425,0.000000,0.000000,96.825142,0.0
308,24,26.429209,3.700162,0.000000,0.000000,91.257825,2411.872129810425
309,1,20.201023,-4.097857,0.000000,0.000000,87.830293,1774.2617689897388
309,2,20.201023,-3.296971,0.000000,0.000000,79.933090,1614.73018955107
309,3,0.000000,-3.444379,0.000000,0.000000,74.483263,0.0
309,4,0.000000,-2.888601,0.000000,0.000000,71.563385,0.0
309,5,0.000000,-2.859271,0.000000,0.000000,70.102299,0.0
309,6,15.731579,-3.789788,0.000000,0.000000,69.113715,1087.267867505985
309,7,15.731579,-3.635517,0.000000,0.000000,69.088484,1086.8709440362359
309,8,0.000000,-3.269864,0.000000,0.000000,72.749227,0.0
309,9,0.000000,-3.643832,0.000000,0.000000,80.504220,0.0
309,10,0.000000,-3.885896,0.000000,0.000000,85.823307,0.0
309,11,0.000000,-4.092863,0.000000,0.000000,94.351277,0.0
309,12,0.000000,-4.154278,0.000000,0.000000,99.197861,0.0
309,13,0.000000,-4.566665,0.000000,0.000000,104.289871,0.0
309,14,0.000000,-5.716106,0.000000,0.000000,108.143284,0.0
309,15,0.000000,-4.981297,0.000000,0.000000,109.241966,0.0
309,16,0.000000,-5.116422,0.000000,0.000000,110.918659,0.0
309,17,0.000000,-4.977674,0.000000,0.000000,110.923246,0.0
309,18,0.000000,-4.925835,0.000000,0.000000,108.939197,0.0
309,19,35.529572,-5.169579,0.000000,0.000000,106.822114,3795.343990555208
309,20,37.654096,-5.885573,0.000000,0.000000,113.755964,4283.377989028544
309,21,0.000000,-6.013434,0.000000,0.000000,110.095221,0.0
309,22,37.654096,-4.867346,0.000000,0.000000,104.950456,3951.8145454677765
309,23,0.000000,-5.433070,0.000000,0.000000,99.090057,0.0
309,24,26.429209,-5.239672,0.000000,0.000000,93.392511,2468.290192253799
310,1,15.565400,0.900519,0.000000,0.000000,97.868040,1523.355189816
310,2,15.565400,0.965183,0.000000,0.000000,89.068300,1386.38371682
310,3,0.000000,1.657058,0.000000,0.000000,82.995635,0.0
310,4,0.000000,1.440905,0.000000,0.000000,79.742057,0.0
310,5,0.000000,1.562742,0.000000,0.000000,78.113990,0.0
310,6,15.731579,-0.455360,0.000000,0.000000,77.012425,1211.527047869075
310,7,15.731579,0.391506,0.000000,0.000000,76.984311,1211.084770257069
310,8,0.000000,1.672496,0.000000,0.000000,81.063424,0.0
310,9,0.000000,1.227636,0.000000,0.000000,89.704703,0.0
310,10,0.000000,0.909163,0.000000,0.000000,95.631684,0.0
310,11,0.000000,0.231106,0.000000,0.000000,105.134280,0.0
310,12,0.000000,-0.206209,0.000000,0.000000,110.534759,0.0
310,13,0.000000,-0.344067,0.000000,0.000000,116.208713,0.0
310,14,0.000000,-2.724167,0.000000,0.000000,120.502517,0.0
310,15,0.000000,-0.465584,0.000000,0.000000,121.726762,0.0
310,16,0.000000,-0.511593,0.000000,0.000000,123.595077,0.0
310,17,0.000000,-0.640335,0.000000,0.000000,123.600189,0.0
310,18,0.000000,-0.485993,0.000000,0.000000,121.389391,0.0
310,19,27.376435,-0.044818,0.000000,0.000000,119.030355,3258.6267766844253
310,20,29.013435,-0.089755,0.000000,0.000000,126.756645,3677.6456805255752
310,21,0.000000,-1.360921,0.000000,0.000000,122.677532,0.0
310,22,29.013435,-0.133427,0.000000,0.000000,116.944794,3392.97017930739
310,23,0.000000,-1.977010,0.000000,0.000000,110.414635,0.0
310,24,26.429209,-2.293870,0.000000,0.000000,104.065941,2750.3805044706687
311,1,15.968980,-4.384482,0.000000,0.000000,0.000000,0.0
311,2,15.968980,-3.810474,0.000000,0.000000,0.000000,0.0
311,3,0.000000,-2.341659,0.000000,0.000000,0.000000,0.0
311,4,0.000000,-2.587592,0.000000,0.000000,0.000000,0.0
311,5,0.000000,-2.278802,0.000000,0.000000,0.000000,0.0
311,6,15.731579,-5.081487,0.000000,0.000000,0.000000,0.0
311,7,15.731579,-3.832423,0.000000,0.000000,0.000000,0.0
311,8,0.000000,-2.217698,0.000000,0.000000,0.000000,0.0
311,9,0.000000,-3.332201,0.000000,0.000000,0.000000,0.0
311,10,0.000000,-3.846204,0.000000,0.000000,0.000000,0.0
311,11,0.000000,-3.938200,0.000000,0.000000,0.000000,0.0
311,12,0.000000,-3.723066,0.000000,0.000000,0.000000,0.0
311,13,0.000000,-4.267302,0.000000,0.000000,0.000000,0.0
311,14,0.000000,-7.880020,0.000000,0.000000,0.000000,0.0
311,15,0.000000,-4.584197,0.000000,0.000000,0.000000,0.0
311,16,0.000000,-4.753345,0.000000,0.000000,0.000000,0.0
311,17,0.000000,-5.399386,0.000000,0.000000,0.000000,0.0
311,18,0.000000,-5.666789,0.000000,0.000000,0.000000,0.0
311,19,28.086251,-6.599832,0.000000,0.000000,0.000000,0.0
311,20,29.765695,-7.508355,0.000000,0.000000,0.000000,0.0
311,21,0.000000,-8.568801,0.000000,0.000000,0.000000,0.0
311,22,29.765695,-7.108073,0.000000,0.000000,0.000000,0.0
311,23,0.000000,-9.161984,0.000000,0.000000,0.000000,0.0
311,24,26.429209,-8.950233,0.000000,0.000000,0.000000,0.0
312,1,16.350780,-3.709317,0.000000,0.000000,0.000000,0.0
312,2,16.350780,-3.227902,0.000000,0.000000,0.000000,0.0
312,3,0.000000,-1.786666,0.000000,0.000000,0.000000,0.0
312,4,0.000000,-1.959690,0.000000,0.000000,0.000000,0.0
312,5,0.000000,-1.702859,0.000000,0.000000,0.000000,0.0
312,6,15.731579,-4.706301,0.000000,0.000000,0.000000,0.0
312,7,15.731579,-3.393467,0.000000,0.000000,0.000000,0.0
312,8,0.000000,-1.674704,0.000000,0.000000,0.000000,0.0
312,9,0.000000,-2.882081,0.000000,0.000000,0.000000,0.0
312,10,0.000000,-3.238268,0.000000,0.000000,0.000000,0.0
312,11,0.000000,-3.604210,0.000000,0.000000,0.000000,0.0
312,12,0.000000,-4.761161,0.000000,0.000000,0.000000,0.0
312,13,0.000000,-4.719444,0.000000,0.000000,0.000000,0.0
312,14,0.000000,-8.568963,0.000000,0.000000,0.000000,0.0
312,15,0.000000,-5.427058,0.000000,0.000000,0.000000,0.0
312,16,0.000000,-5.840952,0.000000,0.000000,0.000000,0.0
312,17,0.000000,-5.957464,0.000000,0.000000,0.000000,0.0
312,18,0.000000,-5.982632,0.000000,0.000000,0.000000,0.0
312,19,28.757762,-5.853181,0.000000,0.000000,0.000000,0.0
312,20,30.477360,-6.672672,0.000000,0.000000,0.000000,0.0
312,21,0.000000,-8.981328,0.000000,0.000000,0.000000,0.0
312,22,30.477360,-6.286384,0.000000,0.000000,0.000000,0.0
312,23,0.000000,-8.938235,0.000000,0.000000,0.000000,0.0
312,24,26.429209,-9.398708,0.000000,0.000000,0.000000,0.0
313,1,15.731579,-4.144192,0.000000,0.000000,133.000157,2092.302476857903
313,2,15.731579,-3.806584,0.000000,0.000000,121.041536,1904.174485865344
313,3,0.000000,-1.401929,0.000000,0.000000,112.788940,0.0
313,4,0.000000,-1.743564,0.000000,0.000000,108.367411,0.0
313,5,0.000000,-1.427669,0.000000,0.000000,106.154910,0.0
313,6,15.731579,-6.150611,0.000000,0.000000,104.657911,1646.434194871469
313,7,15.731579,-4.006055,0.000000,0.000000,104.619705,1645.8331541641949
313,8,0.000000,-1.300418,0.000000,0.000000,110.163115,0.0
313,9,0.000000,-3.367942,0.000000,0.000000,121.906391,0.0
313,10,0.000000,-3.250111,0.000000,0.000000,129.961007,0.0
313,11,0.000000,-3.261456,0.000000,0.000000,142.874790,0.0
313,12,0.000000,-5.601767,0.000000,0.000000,150.213904,0.0
313,13,0.000000,-5.449830,0.000000,0.000000,157.924662,0.0
313,14,0.000000,-11.356325,0.000000,0.000000,163.759830,0.0
313,15,0.000000,-7.336019,0.000000,0.000000,165.423548,0.0
313,16,0.000000,-7.925060,0.000000,0.000000,167.962541,0.0
313,17,0.000000,-8.310303,0.000000,0.000000,167.969487,0.0
313,18,0.000000,-7.741403,0.000000,0.000000,164.965070,0.0
313,19,27.668712,-6.713108,0.000000,0.000000,161.759201,4475.668745819112
313,20,29.323188,-8.143348,0.000000,0.000000,172.259031,5051.183950710827
313,21,0.000000,-11.161195,0.000000,0.000000,166.715621,0.0
313,22,29.323188,-7.886257,0.000000,0.000000,158.924976,4660.186949143487
313,23,0.000000,-11.394418,0.000000,0.000000,150.050658,0.0
313,24,26.429209,-11.871160,0.000000,0.000000,141.422945,3737.696570800505
314,1,14.321123,-7.337322,0.000000,0.000000,97.366153,1394.392653149819
314,2,14.321123,-6.415693,0.000000,0.000000,88.611539,1269.0167492382968
314,3,0.000000,-4.598434,0.000000,0.000000,82.570017,0.0
314,4,0.000000,-5.164478,0.000000,0.000000,79.333124,0.0
314,5,0.000000,-4.634149,0.000000,0.000000,77.713406,0.0
314,6,15.731579,-7.051921,0.000000,0.000000,76.617490,1205.31409671671
314,7,15.731579,-5.856834,0.000000,0.000000,76.589520,1204.8740844520798
314,8,0.000000,-4.425908,0.000000,0.000000,80.647714,0.0
314,9,0.000000,-5.395877,0.000000,0.000000,89.244679,0.0
314,10,0.000000,-6.691062,0.000000,0.000000,95.141266,0.0
314,11,0.000000,-6.509118,0.000000,0.000000,104.595129,0.0
314,12,0.000000,-3.602318,0.000000,0.000000,109.967914,0.0
314,13,0.000000,-5.019897,0.000000,0.000000,115.612771,0.0
314,14,0.000000,-8.428525,0.000000,0.000000,119.884555,0.0
314,15,0.000000,-4.012460,0.000000,0.000000,121.102522,0.0
314,16,0.000000,-3.891375,0.000000,0.000000,122.961256,0.0
314,17,0.000000,-5.401409,0.000000,0.000000,122.966342,0.0
314,18,0.000000,-6.763304,0.000000,0.000000,120.766882,0.0
314,19,25.188000,-10.424085,0.000000,0.000000,118.419943,2982.7615242839997
314,20,26.694140,-11.394977,0.000000,0.000000,126.106611,3366.30752895954
314,21,0.000000,-11.091606,0.000000,0.000000,122.048417,0.0
314,22,26.694140,-10.950679,0.000000,0.000000,116.345077,3105.73177374878
314,23,0.000000,-12.558151,0.000000,0.000000,109.848406,0.0
314,24,26.429209,-11.474660,0.000000,0.000000,103.532269,2736.275975645221
315,1,10.908070,-15.565751,0.000000,0.000000,159.098301,1735.45540418907
315,2,10.908070,-13.811686,0.000000,0.000000,144.793082,1579.41307397174
315,3,0.000000,-11.251957,0.000000,0.000000,134.921110,0.0
315,4,0.000000,-12.221606,0.000000,0.000000,129.631960,0.0
315,5,0.000000,-11.343000,0.000000,0.000000,126.985307,0.0
315,6,15.731579,-12.638897,0.000000,0.000000,125.194558,1969.508079547082
315,7,15.731579,-11.704344,0.000000,0.000000,125.148854,1968.789083460466
315,8,0.000000,-11.010091,0.000000,0.000000,131.780028,0.0
315,9,0.000000,-12.074576,0.000000,0.000000,145.827645,0.0
315,10,0.000000,-13.465204,0.000000,0.000000,155.462790,0.0
315,11,0.000000,-9.166806,0.000000,0.000000,170.910598,0.0
315,12,0.000000,-7.147171,0.000000,0.000000,179.689840,0.0
315,13,0.000000,-6.904343,0.000000,0.000000,188.913652,0.0
315,14,0.000000,-8.221989,0.000000,0.000000,195.893835,0.0
315,15,0.000000,-1.267131,0.000000,0.000000,197.884018,0.0
315,16,0.000000,-1.073405,0.000000,0.000000,200.921228,0.0
315,17,0.000000,-4.276938,0.000000,0.000000,200.929538,0.0
315,18,0.000000,-8.368995,0.000000,0.000000,197.335575,0.0
315,19,19.185120,-19.519981,0.000000,0.000000,193.500629,3712.3327874404804
315,20,20.332313,-22.382020,0.000000,0.000000,206.060803,4189.692743627339
315,21,0.000000,-18.809784,0.000000,0.000000,199.429629,0.0
315,22,20.332313,-21.992992,0.000000,0.000000,190.110255,3865.3812091698146
315,23,0.000000,-21.881971,0.000000,0.000000,179.494561,0.0
315,24,26.429209,-19.030833,0.000000,0.000000,169.173862,4471.131356135158
316,1,12.006276,-14.776774,0.000000,0.000000,50.188739,602.5798525259639
316,2,12.006276,-13.070874,0.000000,0.000000,45.676051,548.399274896076
316,3,0.000000,-10.559904,0.000000,0.000000,42.561864,0.0
316,4,0.000000,-11.466206,0.000000,0.000000,40.893363,0.0
316,5,0.000000,-10.569913,0.000000,0.000000,40.058457,0.0
316,6,15.731579,-12.409928,0.000000,0.000000,39.493551,621.2959175470289
316,7,15.731579,-11.289720,0.000000,0.000000,39.479134,621.069115372586
316,8,0.000000,-10.254175,0.000000,0.000000,41.570987,0.0
316,9,0.000000,-11.311723,0.000000,0.000000,46.002412,0.0
316,10,0.000000,-12.686934,0.000000,0.000000,49.041889,0.0
316,11,0.000000,-9.140713,0.000000,0.000000,53.915015,0.0
316,12,0.000000,-7.150106,0.000000,0.000000,56.684492,0.0
316,13,0.000000,-6.720719,0.000000,0.000000,59.594212,0.0
316,14,0.000000,-8.756809,0.000000,0.000000,61.796162,0.0
316,15,0.000000,-1.569589,0.000000,0.000000,62.423980,0.0
316,16,0.000000,-1.443367,0.000000,0.000000,63.382091,0.0
316,17,0.000000,-4.404753,0.000000,0.000000,63.384712,0.0
316,18,0.000000,-8.319711,0.000000,0.000000,62.250970,0.0
316,19,21.116646,-18.673687,0.000000,0.000000,61.041208,1288.985580748368
316,20,22.379336,-21.117728,0.000000,0.000000,65.003408,1454.7331087770879
316,21,0.000000,-18.761334,0.000000,0.000000,62.911555,0.0
316,22,22.379336,-20.281614,0.000000,0.000000,59.971689,1342.1265786185038
316,23,0.000000,-21.042330,0.000000,0.000000,56.622890,0.0
316,24,26.429209,-18.520738,0.000000,0.000000,53.367149,1410.451534655141
317,1,11.619662,-22.004444,0.000000,0.000000,0.000000,0.0
317,2,11.619662,-19.478185,0.000000,0.000000,0.000000,0.0
317,3,0.000000,-16.444972,0.000000,0.000000,0.000000,0.0
317,4,0.000000,-17.494507,0.000000,0.000000,0.000000,0.0
317,5,0.000000,-16.212682,0.000000,0.000000,0.000000,0.0
317,6,15.731579,-18.065094,0.000000,0.000000,0.000000,0.0
317,7,15.731579,-16.857575,0.000000,0.000000,0.000000,0.0
317,8,0.000000,-15.884905,0.000000,0.000000,0.000000,0.0
317,9,0.000000,-17.019469,0.000000,0.000000,0.000000,0.0
317,10,0.000000,-18.422135,0.000000,0.000000,0.000000,0.0
317,11,0.000000,-12.781186,0.000000,0.000000,0.000000,0.0
317,12,0.000000,-10.258993,0.000000,0.000000,0.000000,0.0
317,13,0.000000,-10.085611,0.000000,0.000000,0.000000,0.0
317,14,0.000000,-10.509489,0.000000,0.000000,0.000000,0.0
317,15,0.000000,-0.562982,0.000000,0.000000,0.000000,0.0
317,16,0.000000,0.208621,0.000000,0.000000,0.000000,0.0
317,17,0.000000,-4.843674,0.000000,0.000000,0.000000,0.0
317,18,0.000000,-10.385063,0.000000,0.000000,0.000000,0.0
317,19,20.436670,-24.352688,0.000000,0.000000,0.000000,0.0
317,20,21.658699,-28.203635,0.000000,0.000000,0.000000,0.0
317,21,0.000000,-23.428762,0.000000,0.000000,0.000000,0.0
317,22,21.658699,-26.142216,0.000000,0.000000,0.000000,0.0
317,23,0.000000,-26.102088,0.000000,0.000000,0.000000,0.0
317,24,26.429209,-21.487620,0.000000,0.000000,0.000000,0.0
318,1,11.439590,-19.725057,0.000000,0.000000,167.128500,1911.881517315
318,2,11.439590,-17.428898,0.000000,0.000000,152.101250,1739.9759384875001
318,3,0.000000,-14.322403,0.000000,0.000000,141.731008,0.0
318,4,0.000000,-15.501996,0.000000,0.000000,136.174898,0.0
318,5,0.000000,-14.355336,0.000000,0.000000,133.394660,0.0
318,6,15.731579,-16.082980,0.000000,0.000000,131.513526,2068.915423837554
318,7,15.731579,-14.903703,0.000000,0.000000,131.465516,2068.160150729764
318,8,0.000000,-13.958700,0.000000,0.000000,138.431386,0.0
318,9,0.000000,-15.171276,0.000000,0.000000,153.188031,0.0
318,10,0.000000,-16.616757,0.000000,0.000000,163.309492,0.0
318,11,0.000000,-10.842452,0.000000,0.000000,179.537001,0.0
318,12,0.000000,-8.394830,0.000000,0.000000,188.759358,0.0
318,13,0.000000,-8.148605,0.000000,0.000000,198.448726,0.0
318,14,0.000000,-8.781994,0.000000,0.000000,205.781221,0.0
318,15,0.000000,0.254566,0.000000,0.000000,207.871854,0.0
318,16,0.000000,1.088112,0.000000,0.000000,211.062362,0.0
318,17,0.000000,-3.496292,0.000000,0.000000,211.071092,0.0
318,18,0.000000,-8.839936,0.000000,0.000000,207.295730,0.0
318,19,20.119957,-23.216311,0.000000,0.000000,203.267222,4089.727766149454
318,20,21.323049,-26.575579,0.000000,0.000000,216.461348,4615.615930010052
318,21,0.000000,-22.113311,0.000000,0.000000,209.495478,0.0
318,22,21.323049,-25.652760,0.000000,0.000000,199.705725,4258.334959755525
318,23,0.000000,-25.356659,0.000000,0.000000,188.554223,0.0
318,24,26.429209,-21.261897,0.000000,0.000000,177.712606,4696.8036059086535
319,1,12.931691,-10.877139,0.000000,0.000000,90.841617,1174.7357209843472
319,2,12.931691,-9.596905,0.000000,0.000000,82.673653,1069.110134437223
319,3,0.000000,-7.302419,0.000000,0.000000,77.036974,0.0
319,4,0.000000,-8.106967,0.000000,0.000000,74.016986,0.0
319,5,0.000000,-7.374126,0.000000,0.000000,72.505806,0.0
319,6,15.731579,-9.706663,0.000000,0.000000,71.483328,1124.545621614912
319,7,15.731579,-8.441511,0.000000,0.000000,71.457232,1124.135090329328
319,8,0.000000,-7.070295,0.000000,0.000000,75.243486,0.0
319,9,0.000000,-8.142866,0.000000,0.000000,83.264365,0.0
319,10,0.000000,-9.544181,0.000000,0.000000,88.765820,0.0
319,11,0.000000,-7.621363,0.000000,0.000000,97.586178,0.0
319,12,0.000000,-6.533935,0.000000,0.000000,102.598930,0.0
319,13,0.000000,-4.944018,0.000000,0.000000,107.865524,0.0
319,14,0.000000,-8.872268,0.000000,0.000000,111.851054,0.0
319,15,0.000000,-2.739577,0.000000,0.000000,112.987404,0.0
319,16,0.000000,-3.286220,0.000000,0.000000,114.721584,0.0
319,17,0.000000,-4.636162,0.000000,0.000000,114.726329,0.0
319,18,0.000000,-7.853070,0.000000,0.000000,112.674256,0.0
319,19,22.744267,-14.482725,0.000000,0.000000,110.484586,2512.8909233684617
319,20,24.104282,-16.151679,0.000000,0.000000,117.656168,2836.017452511376
319,21,0.000000,-16.751773,0.000000,0.000000,113.869915,0.0
319,22,24.104282,-15.575557,0.000000,0.000000,108.548757,2616.489849477474
319,23,0.000000,-17.849899,0.000000,0.000000,102.487431,0.0
319,24,26.429209,-17.022035,0.000000,0.000000,96.594540,2552.9172859188598
320,1,13.736400,-8.527121,0.000000,0.000000,64.241585,882.448108194
320,2,13.736400,-7.523433,0.000000,0.000000,58.465346,803.1033787944
320,3,0.000000,-5.352602,0.000000,0.000000,54.479186,0.0
320,4,0.000000,-6.034062,0.000000,0.000000,52.343504,0.0
320,5,0.000000,-5.426036,0.000000,0.000000,51.274824,0.0
320,6,15.731579,-8.175137,0.000000,0.000000,50.551746,795.258785786934
320,7,15.731579,-6.783646,0.000000,0.000000,50.533291,794.968459496489
320,8,0.000000,-5.163930,0.000000,0.000000,53.210863,0.0
320,9,0.000000,-6.341478,0.000000,0.000000,58.883087,0.0
320,10,0.000000,-7.480654,0.000000,0.000000,62.773619,0.0
320,11,0.000000,-6.187348,0.000000,0.000000,69.011219,0.0
320,12,0.000000,-5.699611,0.000000,0.000000,72.556150,0.0
320,13,0.000000,-4.635109,0.000000,0.000000,76.280591,0.0
320,14,0.000000,-8.820846,0.000000,0.000000,79.099088,0.0
320,15,0.000000,-3.549402,0.000000,0.000000,79.902695,0.0
320,16,0.000000,-4.616029,0.000000,0.000000,81.129076,0.0
320,17,0.000000,-4.614905,0.000000,0.000000,81.132432,0.0
320,18,0.000000,-7.521676,0.000000,0.000000,79.681241,0.0
320,19,24.159589,-11.819901,0.000000,0.000000,78.132746,1887.6550308013939
320,20,25.604235,-13.181616,0.000000,0.000000,83.204362,2130.38403767307
320,21,0.000000,-16.309182,0.000000,0.000000,80.526790,0.0
320,22,25.604235,-12.727211,0.000000,0.000000,76.763762,1965.47740173207
320,23,0.000000,-16.248292,0.000000,0.000000,72.477299,0.0
320,24,26.429209,-16.825707,0.000000,0.000000,68.309951,1805.377971758759
321,1,11.272379,-18.853332,0.000000,0.000000,0.000000,0.0
321,2,11.272379,-16.658907,0.000000,0.000000,0.000000,0.0
321,3,0.000000,-13.407123,0.000000,0.000000,0.000000,0.0
321,4,0.000000,-14.666099,0.000000,0.000000,0.000000,0.0
321,5,0.000000,-13.624241,0.000000,0.000000,0.000000,0.0
321,6,15.731579,-15.222019,0.000000,0.000000,0.000000,0.0
321,7,15.731579,-14.068609,0.000000,0.000000,0.000000,0.0
321,8,0.000000,-13.201181,0.000000,0.000000,0.000000,0.0
321,9,0.000000,-14.596110,0.000000,0.000000,0.000000,0.0
321,10,0.000000,-16.156738,0.000000,0.000000,0.000000,0.0
321,11,0.000000,-10.379472,0.000000,0.000000,0.000000,0.0
321,12,0.000000,-8.069786,0.000000,0.000000,0.000000,0.0
321,13,0.000000,-7.828092,0.000000,0.000000,0.000000,0.0
321,14,0.000000,-8.710643,0.000000,0.000000,0.000000,0.0
321,15,0.000000,-0.534606,0.000000,0.000000,0.000000,0.0
321,16,0.000000,0.332695,0.000000,0.000000,0.000000,0.0
321,17,0.000000,-3.817305,0.000000,0.000000,0.000000,0.0
321,18,0.000000,-8.949207,0.000000,0.000000,0.000000,0.0
321,19,19.825867,-23.675130,0.000000,0.000000,0.000000,0.0
321,20,21.011374,-26.676114,0.000000,0.000000,0.000000,0.0
321,21,0.000000,-22.452237,0.000000,0.000000,0.000000,0.0
321,22,21.011374,-26.356582,0.000000,0.000000,0.000000,0.0
321,23,0.000000,-26.068913,0.000000,0.000000,0.000000,0.0
321,24,26.429209,-22.375980,0.000000,0.000000,0.000000,0.0
322,1,11.408884,-23.418254,0.000000,0.000000,0.000000,0.0
322,2,11.408884,-20.533753,0.000000,0.000000,0.000000,0.0
322,3,0.000000,-14.601191,0.000000,0.000000,0.000000,0.0
322,4,0.000000,-17.078430,0.000000,0.000000,0.000000,0.0
322,5,0.000000,-16.131661,0.000000,0.000000,0.000000,0.0
322,6,15.731579,-17.888008,0.000000,0.000000,0.000000,0.0
322,7,15.731579,-16.262461,0.000000,0.000000,0.000000,0.0
322,8,0.000000,-15.320167,0.000000,0.000000,0.000000,0.0
322,9,0.000000,-18.586092,0.000000,0.000000,0.000000,0.0
322,10,0.000000,-21.220866,0.000000,0.000000,0.000000,0.0
322,11,0.000000,-11.323498,0.000000,0.000000,0.000000,0.0
322,12,0.000000,-8.930284,0.000000,0.000000,0.000000,0.0
322,13,0.000000,-8.715440,0.000000,0.000000,0.000000,0.0
322,14,0.000000,-9.693683,0.000000,0.000000,0.000000,0.0
322,15,0.000000,-2.629448,0.000000,0.000000,0.000000,0.0
322,16,0.000000,0.283926,0.000000,0.000000,0.000000,0.0
322,17,0.000000,-4.220733,0.000000,0.000000,0.000000,0.0
322,18,0.000000,-11.131162,0.000000,0.000000,0.000000,0.0
322,19,20.065951,-28.581769,0.000000,0.000000,0.000000,0.0
322,20,21.265814,-30.094298,0.000000,0.000000,0.000000,0.0
322,21,0.000000,-25.308754,0.000000,0.000000,0.000000,0.0
322,22,21.265814,-30.720704,0.000000,0.000000,0.000000,0.0
322,23,0.000000,-29.986849,0.000000,0.000000,0.000000,0.0
322,24,26.429209,-26.059388,0.000000,0.000000,0.000000,0.0
323,1,14.178990,-7.639495,0.000000,0.000000,0.000000,0.0
323,2,14.178990,-6.751503,0.000000,0.000000,0.000000,0.0
323,3,0.000000,-4.623560,0.000000,0.000000,0.000000,0.0
323,4,0.000000,-5.223861,0.000000,0.000000,0.000000,0.0
323,5,0.000000,-4.677748,0.000000,0.000000,0.000000,0.0
323,6,15.731579,-7.651401,0.000000,0.000000,0.000000,0.0
323,7,15.731579,-6.190309,0.000000,0.000000,0.000000,0.0
323,8,0.000000,-4.450792,0.000000,0.000000,0.000000,0.0
323,9,0.000000,-5.721827,0.000000,0.000000,0.000000,0.0
323,10,0.000000,-6.661199,0.000000,0.000000,0.000000,0.0
323,11,0.000000,-5.652703,0.000000,0.000000,0.000000,0.0
323,12,0.000000,-5.603798,0.000000,0.000000,0.000000,0.0
323,13,0.000000,-4.725907,0.000000,0.000000,0.000000,0.0
323,14,0.000000,-9.056372,0.000000,0.000000,0.000000,0.0
323,15,0.000000,-4.107295,0.000000,0.000000,0.000000,0.0
323,16,0.000000,-5.065517,0.000000,0.000000,0.000000,0.0
323,17,0.000000,-5.114553,0.000000,0.000000,0.000000,0.0
323,18,0.000000,-7.403315,0.000000,0.000000,0.000000,0.0
323,19,24.938017,-10.764694,0.000000,0.000000,0.000000,0.0
323,20,26.429209,-12.072480,0.000000,0.000000,0.000000,0.0
323,21,0.000000,-16.573280,0.000000,0.000000,0.000000,0.0
323,22,26.429209,-11.644427,0.000000,0.000000,0.000000,0.0
323,23,0.000000,-15.824198,0.000000,0.000000,0.000000,0.0
323,24,26.429209,-17.148252,0.000000,0.000000,0.000000,0.0
324,1,6.775623,-15.741516,0.000000,0.000000,0.000000,0.0
324,2,6.775623,-14.348556,0.000000,0.000000,0.000000,0.0
324,3,0.000000,-12.814407,0.000000,0.000000,0.000000,0.0
324,4,0.000000,-13.206159,0.000000,0.000000,0.000000,0.0
324,5,0.000000,-12.649295,0.000000,0.000000,0.000000,0.0
324,6,15.731579,-11.586749,0.000000,0.000000,0.000000,0.0
324,7,15.731579,-11.683237,0.000000,0.000000,0.000000,0.0
324,8,0.000000,-12.598057,0.000000,0.000000,0.000000,0.0
324,9,0.000000,-13.400944,0.000000,0.000000,0.000000,0.0
324,10,0.000000,-14.764981,0.000000,0.000000,0.000000,0.0
324,11,0.000000,-11.764875,0.000000,0.000000,0.000000,0.0
324,12,0.000000,-10.533631,0.000000,0.000000,0.000000,0.0
324,13,0.000000,-11.133861,0.000000,0.000000,0.000000,0.0
324,14,0.000000,-11.385351,0.000000,0.000000,0.000000,0.0
324,15,0.000000,-7.792433,0.000000,0.000000,0.000000,0.0
324,16,0.000000,-8.912340,0.000000,0.000000,0.000000,0.0
324,17,0.000000,-10.847977,0.000000,0.000000,0.000000,0.0
324,18,0.000000,-13.167654,0.000000,0.000000,0.000000,0.0
324,19,11.916970,-19.054672,0.000000,0.000000,0.000000,0.0
324,20,12.629557,-20.652753,0.000000,0.000000,0.000000,0.0
324,21,0.000000,-17.168830,0.000000,0.000000,0.000000,0.0
324,22,12.629557,-20.025357,0.000000,0.000000,0.000000,0.0
324,23,0.000000,-17.961953,0.000000,0.000000,0.000000,0.0
324,24,26.429209,-15.581962,0.000000,0.000000,0.000000,0.0
325,1,14.178990,-7.639495,0.000000,0.000000,0.000000,0.0
325,2,14.178990,-6.751503,0.000000,0.000000,0.000000,0.0
325,3,0.000000,-4.623560,0.000000,0.000000,0.000000,0.0
325,4,0.000000,-5.223861,0.000000,0.000000,0.000000,0.0
325,5,0.000000,-4.677748,0.000000,0.000000,0.000000,0.0
325,6,15.731579,-7.651401,0.000000,0.000000,0.000000,0.0
325,7,15.731579,-6.190309,0.000000,0.000000,0.000000,0.0
325,8,0.000000,-4.450792,0.000000,0.000000,0.000000,0.0
325,9,0.000000,-5.721827,0.000000,0.000000,0.000000,0.0
325,10,0.000000,-6.661199,0.000000,0.000000,0.000000,0.0
325,11,0.000000,-5.652703,0.000000,0.000000,0.000000,0.0
325,12,0.000000,-5.603798,0.000000,0.000000,0.000000,0.0
325,13,0.000000,-4.725907,0.000000,0.000000,0.000000,0.0
325,14,0.000000,-9.056372,0.000000,0.000000,0.000000,0.0
325,15,0.000000,-4.107295,0.000000,0.000000,0.000000,0.0
325,16,0.000000,-5.065517,0.000000,0.000000,0.000000,0.0
325,17,0.000000,-5.114553,0.000000,0.000000,0.000000,0.0
325,18,0.000000,-7.403315,0.000000,0.000000,0.000000,0.0
325,19,24.938017,-10.764694,0.000000,0.000000,0.000000,0.0
325,20,26.429209,-12.072480,0.000000,0.000000,0.000000,0.0
325,21,0.000000,-16.573280,0.000000,0.000000,0.000000,0.0
325,22,26.429209,-11.644427,0.000000,0.000000,0.000000,0.0
325,23,0.000000,-15.824198,0.000000,0.000000,0.000000,0.0
325,24,26.429209,-17.148252,0.000000,0.000000,0.000000,0.0
